phase,uptime,policy,min,max,scaling_current,hardware_current,min_mode,max_mode
dashboard-large,301233.58,0,1459200,1459200,1459200,1459200,440,440
dashboard-large,301233.58,3,1785600,1785600,1785600,1785600,440,444
dashboard-large,301233.58,7,595200,2092800,2092800,2092800,440,644
dashboard-large,301234.20,0,1459200,1459200,1459200,1459200,440,440
dashboard-large,301234.20,3,1785600,1785600,1785600,1785600,440,444
dashboard-large,301234.20,7,595200,1843200,595200,595200,440,444
dashboard-large,301234.84,0,1459200,1459200,1459200,1459200,440,440
dashboard-large,301234.84,3,1785600,1785600,1785600,1785600,440,444
dashboard-large,301234.84,7,595200,1843200,595200,595200,440,444
dashboard-large,301235.55,0,1459200,1459200,1459200,1459200,440,440
dashboard-large,301235.55,3,1785600,1785600,1785600,1785600,440,444
dashboard-large,301235.55,7,595200,1843200,595200,595200,440,444
dashboard-large,301236.24,0,1459200,1459200,1459200,1459200,440,440
dashboard-large,301236.24,3,1785600,1785600,1785600,1785600,440,444
dashboard-large,301236.24,7,595200,1843200,595200,595200,440,444
dashboard-large,301236.96,0,1459200,1459200,1459200,1459200,440,440
dashboard-large,301236.96,3,1785600,1785600,1785600,1785600,440,444
dashboard-large,301236.96,7,595200,1843200,595200,595200,440,444
dashboard-large,301237.66,0,1459200,1459200,1459200,1459200,440,440
dashboard-large,301237.66,3,1785600,1785600,1785600,1785600,440,444
dashboard-large,301237.66,7,595200,1843200,595200,595200,440,444
dashboard-large,301238.37,0,1459200,1459200,1459200,1459200,440,440
dashboard-large,301238.37,3,1785600,1785600,1785600,1785600,440,444
dashboard-large,301238.37,7,595200,1843200,595200,595200,440,444
dashboard-large,301239.08,0,1459200,1459200,1459200,1459200,440,440
dashboard-large,301239.08,3,1785600,1785600,1785600,1785600,440,444
dashboard-large,301239.08,7,595200,1843200,595200,595200,440,444
dashboard-large,301239.79,0,1459200,1459200,1459200,1459200,440,440
dashboard-large,301239.79,3,1785600,1785600,1785600,1785600,440,444
dashboard-large,301239.79,7,595200,1843200,595200,595200,440,444
dashboard-large,301240.51,0,1459200,1459200,1459200,1459200,440,440
dashboard-large,301240.51,3,1785600,1785600,1785600,1785600,440,444
dashboard-large,301240.51,7,595200,1843200,595200,595200,440,444
dashboard-large,301241.21,0,1459200,1459200,1459200,1459200,440,440
dashboard-large,301241.21,3,1785600,1785600,1785600,1785600,440,444
dashboard-large,301241.21,7,595200,1843200,1843200,1843200,440,444
dashboard-large,301241.92,0,1459200,1459200,1459200,1459200,440,440
dashboard-large,301241.92,3,1785600,1785600,1785600,1785600,440,444
dashboard-large,301241.92,7,595200,1843200,595200,595200,440,444
dashboard-large,301242.64,0,1459200,1459200,1459200,1459200,440,440
dashboard-large,301242.64,3,1785600,1785600,1785600,1785600,440,444
dashboard-large,301242.64,7,595200,1843200,595200,595200,440,444
dashboard-large,301243.35,0,1459200,1459200,1459200,1459200,440,440
dashboard-large,301243.35,3,1785600,1785600,1785600,1785600,440,444
dashboard-large,301243.35,7,595200,1843200,595200,595200,440,444
dashboard-large,301244.04,0,1459200,1459200,1459200,1459200,440,440
dashboard-large,301244.04,3,1785600,1785600,1785600,1785600,440,444
dashboard-large,301244.04,7,595200,1843200,595200,595200,440,444
dashboard-large,301244.71,0,1459200,1459200,1459200,1459200,440,440
dashboard-large,301244.71,3,1785600,1785600,1785600,1785600,440,444
dashboard-large,301244.71,7,595200,1843200,595200,595200,440,444
dashboard-large,301245.42,0,1459200,1459200,1459200,1459200,440,440
dashboard-large,301245.42,3,1785600,1785600,1785600,1785600,440,444
dashboard-large,301245.42,7,595200,1843200,595200,595200,440,444
dashboard-large,301246.14,0,1459200,1459200,1459200,1459200,440,440
dashboard-large,301246.14,3,1785600,1785600,1785600,1785600,440,444
dashboard-large,301246.14,7,595200,1843200,595200,595200,440,444
dashboard-large,301246.82,0,1459200,1459200,1459200,1459200,440,440
dashboard-large,301246.82,3,1785600,1785600,1785600,1785600,440,444
dashboard-large,301246.82,7,595200,1843200,595200,595200,440,444
dashboard-large,301247.52,0,1459200,1459200,1459200,1459200,440,440
dashboard-large,301247.52,3,1785600,1785600,1785600,1785600,440,444
dashboard-large,301247.52,7,595200,1843200,595200,595200,440,444
dashboard-large,301248.22,0,1459200,1459200,1459200,1459200,440,440
dashboard-large,301248.22,3,1785600,1785600,1785600,1785600,440,444
dashboard-large,301248.22,7,595200,1843200,595200,595200,440,444
dashboard-large,301248.92,0,1459200,1459200,1459200,1459200,440,440
dashboard-large,301248.92,3,1785600,1785600,1785600,1785600,440,444
dashboard-large,301248.92,7,595200,1843200,1843200,1843200,440,444
dashboard-large,301249.58,0,1459200,1459200,1459200,1459200,440,440
dashboard-large,301249.58,3,1785600,1785600,1785600,1785600,440,444
dashboard-large,301249.58,7,595200,1843200,595200,595200,440,444
dashboard-large,301250.29,0,1459200,1459200,1459200,1459200,440,440
dashboard-large,301250.29,3,1785600,1785600,1785600,1785600,440,444
dashboard-large,301250.29,7,595200,1843200,595200,595200,440,444
dashboard-large,301250.99,0,1459200,1459200,1459200,1459200,440,440
dashboard-large,301250.99,3,1785600,1785600,1785600,1785600,440,444
dashboard-large,301250.99,7,595200,1843200,595200,595200,440,444
dashboard-large,301251.70,0,1459200,1459200,1459200,1459200,440,440
dashboard-large,301251.70,3,1785600,1785600,1785600,1785600,440,444
dashboard-large,301251.70,7,595200,1843200,595200,595200,440,444
dashboard-large,301252.41,0,1459200,1459200,1459200,1459200,440,440
dashboard-large,301252.41,3,1785600,1785600,1785600,1785600,440,444
dashboard-large,301252.41,7,595200,1843200,595200,595200,440,444
dashboard-large,301253.07,0,1459200,1459200,1459200,1459200,440,440
dashboard-large,301253.07,3,1785600,1785600,1785600,1785600,440,444
dashboard-large,301253.07,7,595200,1843200,595200,595200,440,444
dashboard-large,301253.78,0,1459200,1459200,1459200,1459200,440,440
dashboard-large,301253.78,3,1785600,1785600,1785600,1785600,440,444
dashboard-large,301253.78,7,595200,1843200,595200,595200,440,444
dashboard-medium-repeat,301256.00,0,1555200,1555200,1555200,1555200,440,440
dashboard-medium-repeat,301256.00,3,2054400,2054400,2054400,2054400,440,444
dashboard-medium-repeat,301256.00,7,595200,2092800,1843200,1843200,440,444
dashboard-medium-repeat,301256.66,0,1555200,1555200,1555200,1555200,440,440
dashboard-medium-repeat,301256.66,3,2054400,2054400,2054400,2054400,440,444
dashboard-medium-repeat,301256.66,7,595200,2092800,595200,595200,440,444
dashboard-medium-repeat,301257.33,0,1555200,1555200,1555200,1555200,440,440
dashboard-medium-repeat,301257.33,3,2054400,2054400,2054400,2054400,440,444
dashboard-medium-repeat,301257.33,7,595200,2092800,595200,595200,440,444
dashboard-medium-repeat,301258.02,0,1555200,1555200,1555200,1555200,440,440
dashboard-medium-repeat,301258.02,3,2054400,2054400,2054400,2054400,440,444
dashboard-medium-repeat,301258.02,7,595200,2092800,595200,595200,440,444
dashboard-medium-repeat,301258.72,0,1555200,1555200,1555200,1555200,440,440
dashboard-medium-repeat,301258.72,3,2054400,2054400,2054400,2054400,440,444
dashboard-medium-repeat,301258.72,7,595200,2092800,595200,595200,440,444
dashboard-medium-repeat,301259.43,0,1555200,1555200,1555200,1555200,440,440
dashboard-medium-repeat,301259.43,3,2054400,2054400,2054400,2054400,440,444
dashboard-medium-repeat,301259.43,7,595200,2092800,595200,595200,440,444
dashboard-medium-repeat,301260.13,0,1555200,1555200,1555200,1555200,440,440
dashboard-medium-repeat,301260.13,3,2054400,2054400,2054400,2054400,440,444
dashboard-medium-repeat,301260.13,7,595200,2092800,595200,595200,440,444
dashboard-medium-repeat,301260.83,0,1555200,1555200,1555200,1555200,440,440
dashboard-medium-repeat,301260.83,3,2054400,2054400,2054400,2054400,440,444
dashboard-medium-repeat,301260.83,7,595200,2092800,595200,595200,440,444
dashboard-medium-repeat,301261.53,0,1555200,1555200,1555200,1555200,440,440
dashboard-medium-repeat,301261.53,3,2054400,2054400,2054400,2054400,440,444
dashboard-medium-repeat,301261.53,7,595200,2092800,595200,595200,440,444
dashboard-medium-repeat,301262.24,0,1555200,1555200,1555200,1555200,440,440
dashboard-medium-repeat,301262.24,3,2054400,2054400,2054400,2054400,440,444
dashboard-medium-repeat,301262.24,7,595200,2092800,595200,595200,440,444
dashboard-medium-repeat,301262.93,0,1555200,1555200,1555200,1555200,440,440
dashboard-medium-repeat,301262.93,3,2054400,2054400,2054400,2054400,440,444
dashboard-medium-repeat,301262.93,7,595200,2092800,595200,595200,440,444
dashboard-medium-repeat,301263.66,0,1555200,1555200,1555200,1555200,440,440
dashboard-medium-repeat,301263.66,3,2054400,2054400,2054400,2054400,440,444
dashboard-medium-repeat,301263.66,7,595200,2092800,595200,595200,440,444
dashboard-medium-repeat,301264.36,0,1555200,1555200,1555200,1555200,440,440
dashboard-medium-repeat,301264.36,3,2054400,2054400,2054400,2054400,440,444
dashboard-medium-repeat,301264.36,7,595200,2092800,595200,595200,440,444
dashboard-medium-repeat,301265.09,0,1555200,1555200,1555200,1555200,440,440
dashboard-medium-repeat,301265.09,3,2054400,2054400,2054400,2054400,440,444
dashboard-medium-repeat,301265.09,7,595200,2092800,595200,595200,440,444
dashboard-medium-repeat,301265.79,0,1555200,1555200,1555200,1555200,440,440
dashboard-medium-repeat,301265.79,3,2054400,2054400,2054400,2054400,440,444
dashboard-medium-repeat,301265.79,7,595200,2092800,595200,595200,440,444
dashboard-medium-repeat,301266.52,0,1555200,1555200,1555200,1555200,440,440
dashboard-medium-repeat,301266.52,3,2054400,2054400,2054400,2054400,440,444
dashboard-medium-repeat,301266.52,7,595200,2092800,595200,595200,440,444
dashboard-medium-repeat,301267.21,0,1555200,1555200,1555200,1555200,440,440
dashboard-medium-repeat,301267.21,3,2054400,2054400,2054400,2054400,440,444
dashboard-medium-repeat,301267.21,7,595200,2092800,2092800,2092800,440,444
dashboard-medium-repeat,301267.91,0,1555200,1555200,1555200,1555200,440,440
dashboard-medium-repeat,301267.91,3,2054400,2054400,2054400,2054400,440,444
dashboard-medium-repeat,301267.91,7,595200,2092800,595200,595200,440,444
dashboard-medium-repeat,301268.61,0,1555200,1555200,1555200,1555200,440,440
dashboard-medium-repeat,301268.61,3,2054400,2054400,2054400,2054400,440,444
dashboard-medium-repeat,301268.61,7,595200,2092800,595200,595200,440,444
dashboard-medium-repeat,301269.28,0,1555200,1555200,1555200,1555200,440,440
dashboard-medium-repeat,301269.28,3,2054400,2054400,2054400,2054400,440,444
dashboard-medium-repeat,301269.28,7,595200,2092800,595200,595200,440,444
dashboard-medium-repeat,301269.97,0,1555200,1555200,1555200,1555200,440,440
dashboard-medium-repeat,301269.97,3,2054400,2054400,2054400,2054400,440,444
dashboard-medium-repeat,301269.97,7,595200,2092800,595200,595200,440,444
dashboard-medium-repeat,301270.66,0,1555200,1555200,1555200,1555200,440,440
dashboard-medium-repeat,301270.66,3,2054400,2054400,2054400,2054400,440,444
dashboard-medium-repeat,301270.66,7,595200,2092800,595200,595200,440,444
dashboard-medium-repeat,301271.36,0,1555200,1555200,1555200,1555200,440,440
dashboard-medium-repeat,301271.36,3,2054400,2054400,2054400,2054400,440,444
dashboard-medium-repeat,301271.36,7,595200,2092800,595200,595200,440,444
dashboard-medium-repeat,301272.05,0,1555200,1555200,1555200,1555200,440,440
dashboard-medium-repeat,301272.05,3,2054400,2054400,2054400,2054400,440,444
dashboard-medium-repeat,301272.05,7,595200,2092800,595200,595200,440,444
dashboard-medium-repeat,301272.75,0,1555200,1555200,1555200,1555200,440,440
dashboard-medium-repeat,301272.75,3,2054400,2054400,2054400,2054400,440,444
dashboard-medium-repeat,301272.75,7,595200,2092800,595200,595200,440,444
dashboard-medium-repeat,301273.45,0,1555200,1555200,1555200,1555200,440,440
dashboard-medium-repeat,301273.45,3,2054400,2054400,2054400,2054400,440,444
dashboard-medium-repeat,301273.45,7,595200,2092800,595200,595200,440,444
dashboard-medium-repeat,301274.16,0,1555200,1555200,1555200,1555200,440,440
dashboard-medium-repeat,301274.16,3,2054400,2054400,2054400,2054400,440,444
dashboard-medium-repeat,301274.16,7,595200,2092800,595200,595200,440,444
dashboard-medium-repeat,301274.85,0,1555200,1555200,1555200,1555200,440,440
dashboard-medium-repeat,301274.85,3,2054400,2054400,2054400,2054400,440,444
dashboard-medium-repeat,301274.85,7,595200,2092800,595200,595200,440,444
dashboard-medium-repeat,301275.57,0,1555200,1555200,1555200,1555200,440,440
dashboard-medium-repeat,301275.57,3,2054400,2054400,2054400,2054400,440,444
dashboard-medium-repeat,301275.57,7,595200,2092800,595200,595200,440,444
dashboard-medium-repeat,301276.28,0,1555200,1555200,1555200,1555200,440,440
dashboard-medium-repeat,301276.28,3,2054400,2054400,2054400,2054400,440,444
dashboard-medium-repeat,301276.28,7,595200,2092800,595200,595200,440,444
dashboard-medium,301211.81,0,1555200,1555200,1555200,1555200,440,440
dashboard-medium,301211.81,3,2054400,2054400,2054400,2054400,440,444
dashboard-medium,301211.81,7,595200,2092800,2092800,2092800,440,444
dashboard-medium,301212.48,0,1555200,1555200,1555200,1555200,440,440
dashboard-medium,301212.48,3,2054400,2054400,2054400,2054400,440,444
dashboard-medium,301212.48,7,595200,2092800,595200,595200,440,444
dashboard-medium,301213.19,0,1555200,1555200,1555200,1555200,440,440
dashboard-medium,301213.19,3,2054400,2054400,2054400,2054400,440,444
dashboard-medium,301213.19,7,595200,2092800,595200,595200,440,444
dashboard-medium,301213.91,0,1555200,1555200,1555200,1555200,440,440
dashboard-medium,301213.91,3,2054400,2054400,2054400,2054400,440,444
dashboard-medium,301213.91,7,595200,2092800,595200,595200,440,444
dashboard-medium,301214.60,0,1555200,1555200,1555200,1555200,440,440
dashboard-medium,301214.60,3,2054400,2054400,2054400,2054400,440,444
dashboard-medium,301214.60,7,595200,2092800,595200,595200,440,444
dashboard-medium,301215.27,0,1555200,1555200,1555200,1555200,440,440
dashboard-medium,301215.27,3,2054400,2054400,2054400,2054400,440,444
dashboard-medium,301215.27,7,595200,2092800,595200,595200,440,444
dashboard-medium,301215.97,0,1555200,1555200,1555200,1555200,440,440
dashboard-medium,301215.97,3,2054400,2054400,2054400,2054400,440,444
dashboard-medium,301215.97,7,595200,2092800,595200,595200,440,444
dashboard-medium,301216.66,0,1555200,1555200,1555200,1555200,440,440
dashboard-medium,301216.66,3,2054400,2054400,2054400,2054400,440,444
dashboard-medium,301216.66,7,595200,2092800,595200,595200,440,444
dashboard-medium,301217.35,0,1555200,1555200,1555200,1555200,440,440
dashboard-medium,301217.35,3,2054400,2054400,2054400,2054400,440,444
dashboard-medium,301217.35,7,595200,2092800,595200,595200,440,444
dashboard-medium,301218.05,0,1555200,1555200,1555200,1555200,440,440
dashboard-medium,301218.05,3,2054400,2054400,2054400,2054400,440,444
dashboard-medium,301218.05,7,595200,2092800,595200,595200,440,444
dashboard-medium,301218.74,0,1555200,1555200,1555200,1555200,440,440
dashboard-medium,301218.74,3,2054400,2054400,2054400,2054400,440,444
dashboard-medium,301218.74,7,595200,2092800,595200,595200,440,444
dashboard-medium,301219.43,0,1555200,1555200,1555200,1555200,440,440
dashboard-medium,301219.43,3,2054400,2054400,2054400,2054400,440,444
dashboard-medium,301219.43,7,595200,2092800,595200,595200,440,444
dashboard-medium,301220.15,0,1555200,1555200,1555200,1555200,440,440
dashboard-medium,301220.15,3,2054400,2054400,2054400,2054400,440,444
dashboard-medium,301220.15,7,595200,2092800,595200,595200,440,444
dashboard-medium,301220.83,0,1555200,1555200,1555200,1555200,440,440
dashboard-medium,301220.83,3,2054400,2054400,2054400,2054400,440,444
dashboard-medium,301220.83,7,595200,2092800,595200,595200,440,444
dashboard-medium,301221.54,0,1555200,1555200,1555200,1555200,440,440
dashboard-medium,301221.54,3,2054400,2054400,2054400,2054400,440,444
dashboard-medium,301221.54,7,595200,2092800,595200,595200,440,444
dashboard-medium,301222.24,0,1555200,1555200,1555200,1555200,440,440
dashboard-medium,301222.24,3,2054400,2054400,2054400,2054400,440,444
dashboard-medium,301222.24,7,595200,2092800,595200,595200,440,444
dashboard-medium,301222.96,0,1555200,1555200,1555200,1555200,440,440
dashboard-medium,301222.96,3,2054400,2054400,2054400,2054400,440,444
dashboard-medium,301222.96,7,595200,2092800,595200,595200,440,444
dashboard-medium,301223.66,0,1555200,1555200,1555200,1555200,440,440
dashboard-medium,301223.66,3,2054400,2054400,2054400,2054400,440,444
dashboard-medium,301223.66,7,595200,2092800,595200,595200,440,444
dashboard-medium,301224.37,0,1555200,1555200,1555200,1555200,440,440
dashboard-medium,301224.37,3,2054400,2054400,2054400,2054400,440,444
dashboard-medium,301224.37,7,595200,2092800,595200,595200,440,444
dashboard-medium,301225.07,0,1555200,1555200,1555200,1555200,440,440
dashboard-medium,301225.07,3,2054400,2054400,2054400,2054400,440,444
dashboard-medium,301225.07,7,595200,2092800,595200,595200,440,444
dashboard-medium,301225.78,0,1555200,1555200,1555200,1555200,440,440
dashboard-medium,301225.78,3,2054400,2054400,2054400,2054400,440,444
dashboard-medium,301225.78,7,595200,2092800,595200,595200,440,444
dashboard-medium,301226.48,0,1555200,1555200,1555200,1555200,440,440
dashboard-medium,301226.48,3,2054400,2054400,2054400,2054400,440,444
dashboard-medium,301226.48,7,595200,2092800,595200,595200,440,444
dashboard-medium,301227.18,0,1555200,1555200,1555200,1555200,440,440
dashboard-medium,301227.18,3,2054400,2054400,2054400,2054400,440,444
dashboard-medium,301227.18,7,595200,2092800,595200,595200,440,444
dashboard-medium,301227.87,0,1555200,1555200,1555200,1555200,440,440
dashboard-medium,301227.87,3,2054400,2054400,2054400,2054400,440,444
dashboard-medium,301227.87,7,595200,2092800,595200,595200,440,444
dashboard-medium,301228.56,0,1555200,1555200,1555200,1555200,440,440
dashboard-medium,301228.56,3,2054400,2054400,2054400,2054400,440,444
dashboard-medium,301228.56,7,595200,2092800,595200,595200,440,444
dashboard-medium,301229.26,0,1555200,1555200,1555200,1555200,440,440
dashboard-medium,301229.26,3,2054400,2054400,2054400,2054400,440,444
dashboard-medium,301229.26,7,595200,2092800,595200,595200,440,444
dashboard-medium,301229.96,0,1555200,1555200,1555200,1555200,440,440
dashboard-medium,301229.96,3,2054400,2054400,2054400,2054400,440,444
dashboard-medium,301229.96,7,595200,2092800,595200,595200,440,444
dashboard-medium,301230.67,0,1555200,1555200,1555200,1555200,440,440
dashboard-medium,301230.67,3,2054400,2054400,2054400,2054400,440,444
dashboard-medium,301230.67,7,595200,2092800,595200,595200,440,444
dashboard-medium,301231.37,0,1555200,1555200,1555200,1555200,440,440
dashboard-medium,301231.37,3,2054400,2054400,2054400,2054400,440,444
dashboard-medium,301231.37,7,595200,2092800,595200,595200,440,444
dashboard-medium,301232.07,0,1555200,1555200,1555200,1555200,440,440
dashboard-medium,301232.07,3,2054400,2054400,2054400,2054400,440,444
dashboard-medium,301232.07,7,595200,2092800,595200,595200,440,444
dashboard-small,301190.81,0,2016000,2016000,2016000,2016000,440,640
dashboard-small,301190.81,3,2707200,2803200,2803200,2803200,660,644
dashboard-small,301190.81,7,1843200,3187200,3187200,3187200,660,644
dashboard-small,301191.46,0,1785600,1785600,1785600,1785600,440,440
dashboard-small,301191.46,3,2323200,2323200,2323200,2323200,440,444
dashboard-small,301191.46,7,595200,2476800,595200,595200,440,444
dashboard-small,301192.11,0,1785600,1785600,1785600,1785600,440,440
dashboard-small,301192.11,3,2323200,2323200,2323200,2323200,440,444
dashboard-small,301192.11,7,595200,2476800,595200,595200,440,444
dashboard-small,301192.81,0,1785600,1785600,1785600,1785600,440,440
dashboard-small,301192.81,3,2323200,2323200,2323200,2323200,440,444
dashboard-small,301192.81,7,595200,2476800,595200,595200,440,444
dashboard-small,301193.48,0,1785600,1785600,1785600,1785600,440,440
dashboard-small,301193.48,3,2323200,2323200,2323200,2323200,440,444
dashboard-small,301193.48,7,595200,2476800,595200,595200,440,444
dashboard-small,301194.15,0,1785600,1785600,1785600,1785600,440,440
dashboard-small,301194.15,3,2323200,2323200,2323200,2323200,440,444
dashboard-small,301194.15,7,595200,2476800,595200,595200,440,444
dashboard-small,301194.82,0,1785600,1785600,1785600,1785600,440,440
dashboard-small,301194.82,3,2323200,2323200,2323200,2323200,440,444
dashboard-small,301194.82,7,595200,2476800,595200,595200,440,444
dashboard-small,301195.49,0,1785600,1785600,1785600,1785600,440,440
dashboard-small,301195.49,3,2323200,2323200,2323200,2323200,440,444
dashboard-small,301195.49,7,595200,2476800,595200,595200,440,444
dashboard-small,301196.16,0,1785600,1785600,1785600,1785600,440,440
dashboard-small,301196.16,3,2323200,2323200,2323200,2323200,440,444
dashboard-small,301196.16,7,595200,2476800,595200,595200,440,444
dashboard-small,301196.83,0,1785600,1785600,1785600,1785600,440,440
dashboard-small,301196.83,3,2323200,2323200,2323200,2323200,440,444
dashboard-small,301196.83,7,595200,2476800,595200,595200,440,444
dashboard-small,301197.52,0,1785600,1785600,1785600,1785600,440,440
dashboard-small,301197.52,3,2323200,2323200,2323200,2323200,440,444
dashboard-small,301197.52,7,595200,2476800,595200,595200,440,444
dashboard-small,301198.19,0,1785600,1785600,1785600,1785600,440,440
dashboard-small,301198.19,3,2323200,2323200,2323200,2323200,440,444
dashboard-small,301198.19,7,595200,2476800,595200,595200,440,444
dashboard-small,301198.89,0,1785600,1785600,1785600,1785600,440,440
dashboard-small,301198.89,3,2323200,2323200,2323200,2323200,440,444
dashboard-small,301198.89,7,595200,2476800,595200,595200,440,444
dashboard-small,301199.56,0,1785600,1785600,1785600,1785600,440,440
dashboard-small,301199.56,3,2323200,2323200,2323200,2323200,440,444
dashboard-small,301199.56,7,595200,2476800,595200,595200,440,444
dashboard-small,301200.23,0,1785600,1785600,1785600,1785600,440,440
dashboard-small,301200.23,3,2323200,2323200,2323200,2323200,440,444
dashboard-small,301200.23,7,595200,2476800,595200,595200,440,444
dashboard-small,301200.91,0,1785600,1785600,1785600,1785600,440,440
dashboard-small,301200.91,3,2323200,2323200,2323200,2323200,440,444
dashboard-small,301200.91,7,595200,2476800,595200,595200,440,444
dashboard-small,301201.57,0,1785600,1785600,1785600,1785600,440,440
dashboard-small,301201.57,3,2323200,2323200,2323200,2323200,440,444
dashboard-small,301201.57,7,595200,2476800,595200,595200,440,444
dashboard-small,301202.25,0,1785600,1785600,1785600,1785600,440,440
dashboard-small,301202.25,3,2323200,2323200,2323200,2323200,440,444
dashboard-small,301202.25,7,595200,2476800,595200,595200,440,444
dashboard-small,301202.92,0,1785600,1785600,1785600,1785600,440,440
dashboard-small,301202.92,3,2323200,2323200,2323200,2323200,440,444
dashboard-small,301202.92,7,595200,2476800,595200,595200,440,444
dashboard-small,301203.60,0,1785600,1785600,1785600,1785600,440,440
dashboard-small,301203.60,3,2323200,2323200,2323200,2323200,440,444
dashboard-small,301203.60,7,595200,2476800,595200,595200,440,444
dashboard-small,301204.26,0,1785600,1785600,1785600,1785600,440,440
dashboard-small,301204.26,3,2323200,2323200,2323200,2323200,440,444
dashboard-small,301204.26,7,595200,2476800,595200,595200,440,444
dashboard-small,301204.96,0,1785600,1785600,1785600,1785600,440,440
dashboard-small,301204.96,3,2323200,2323200,2323200,2323200,440,444
dashboard-small,301204.96,7,595200,2476800,595200,595200,440,444
dashboard-small,301205.63,0,1785600,1785600,1785600,1785600,440,440
dashboard-small,301205.63,3,2323200,2323200,2323200,2323200,440,444
dashboard-small,301205.63,7,595200,2476800,595200,595200,440,444
dashboard-small,301206.32,0,1785600,1785600,1785600,1785600,440,440
dashboard-small,301206.32,3,2323200,2323200,2323200,2323200,440,444
dashboard-small,301206.32,7,595200,2476800,595200,595200,440,444
dashboard-small,301206.98,0,1785600,1785600,1785600,1785600,440,440
dashboard-small,301206.98,3,2323200,2323200,2323200,2323200,440,444
dashboard-small,301206.98,7,595200,2476800,595200,595200,440,444
dashboard-small,301207.65,0,1785600,1785600,1785600,1785600,440,440
dashboard-small,301207.65,3,2323200,2323200,2323200,2323200,440,444
dashboard-small,301207.65,7,595200,2476800,595200,595200,440,444
dashboard-small,301208.32,0,1785600,1785600,1785600,1785600,440,440
dashboard-small,301208.32,3,2323200,2323200,2323200,2323200,440,444
dashboard-small,301208.32,7,595200,2476800,595200,595200,440,444
dashboard-small,301209.00,0,1785600,1785600,1785600,1785600,440,440
dashboard-small,301209.00,3,2323200,2323200,2323200,2323200,440,444
dashboard-small,301209.00,7,595200,2476800,595200,595200,440,444
dashboard-small,301209.68,0,1785600,1785600,1785600,1785600,440,440
dashboard-small,301209.68,3,2323200,2323200,2323200,2323200,440,444
dashboard-small,301209.68,7,595200,2476800,595200,595200,440,444
dashboard-small,301210.35,0,1785600,1785600,1785600,1785600,440,440
dashboard-small,301210.35,3,2323200,2323200,2323200,2323200,440,444
dashboard-small,301210.35,7,595200,2476800,595200,595200,440,444
dashboard-stock,301170.39,0,2016000,2016000,2016000,2016000,660,640
dashboard-stock,301170.39,3,2707200,2803200,2707200,2707200,660,644
dashboard-stock,301170.39,7,1843200,3187200,1843200,1843200,660,644
dashboard-stock,301171.10,0,2016000,2016000,2016000,2016000,660,640
dashboard-stock,301171.10,3,2707200,2803200,2707200,2707200,660,644
dashboard-stock,301171.10,7,1843200,3187200,1843200,1843200,660,644
dashboard-stock,301171.81,0,2016000,2016000,2016000,2016000,660,640
dashboard-stock,301171.81,3,2707200,2803200,2707200,2707200,660,644
dashboard-stock,301171.81,7,1843200,3187200,1843200,1843200,660,644
dashboard-stock,301172.45,0,2016000,2016000,2016000,2016000,660,640
dashboard-stock,301172.45,3,2707200,2803200,2707200,2707200,660,644
dashboard-stock,301172.45,7,1843200,3187200,3187200,3187200,660,644
dashboard-stock,301173.10,0,2016000,2016000,2016000,2016000,660,640
dashboard-stock,301173.10,3,2707200,2803200,2707200,2707200,660,644
dashboard-stock,301173.10,7,1843200,3187200,1843200,1843200,660,644
dashboard-stock,301173.77,0,2016000,2016000,2016000,2016000,660,640
dashboard-stock,301173.77,3,2707200,2803200,2707200,2707200,660,644
dashboard-stock,301173.77,7,1843200,3187200,1843200,1843200,660,644
dashboard-stock,301174.42,0,2016000,2016000,2016000,2016000,660,640
dashboard-stock,301174.42,3,2707200,2803200,2707200,2707200,660,644
dashboard-stock,301174.42,7,1843200,3187200,1843200,1843200,660,644
dashboard-stock,301175.07,0,2016000,2016000,2016000,2016000,660,640
dashboard-stock,301175.07,3,2707200,2803200,2707200,2707200,660,644
dashboard-stock,301175.07,7,1843200,3187200,1843200,1843200,660,644
dashboard-stock,301175.72,0,2016000,2016000,2016000,2016000,660,640
dashboard-stock,301175.72,3,2707200,2803200,2707200,2707200,660,644
dashboard-stock,301175.72,7,1843200,3187200,1843200,1843200,660,644
dashboard-stock,301176.40,0,2016000,2016000,2016000,2016000,660,640
dashboard-stock,301176.40,3,2707200,2803200,2707200,2707200,660,644
dashboard-stock,301176.40,7,1843200,3187200,1843200,1843200,660,644
dashboard-stock,301177.05,0,2016000,2016000,2016000,2016000,660,640
dashboard-stock,301177.05,3,2707200,2803200,2707200,2707200,660,644
dashboard-stock,301177.05,7,1843200,3187200,1843200,1843200,660,644
dashboard-stock,301177.70,0,2016000,2016000,2016000,2016000,660,640
dashboard-stock,301177.70,3,2707200,2803200,2707200,2707200,660,644
dashboard-stock,301177.70,7,1843200,3187200,1843200,1843200,660,644
dashboard-stock,301178.35,0,2016000,2016000,2016000,2016000,660,640
dashboard-stock,301178.35,3,2707200,2803200,2707200,2707200,660,644
dashboard-stock,301178.35,7,1843200,3187200,1843200,1843200,660,644
dashboard-stock,301179.00,0,2016000,2016000,2016000,2016000,660,640
dashboard-stock,301179.00,3,2707200,2803200,2707200,2707200,660,644
dashboard-stock,301179.00,7,1843200,3187200,1843200,1843200,660,644
dashboard-stock,301179.66,0,2016000,2016000,2016000,2016000,660,640
dashboard-stock,301179.66,3,2707200,2803200,2707200,2707200,660,644
dashboard-stock,301179.66,7,1843200,3187200,1843200,1843200,660,644
dashboard-stock,301180.31,0,2016000,2016000,2016000,2016000,660,640
dashboard-stock,301180.31,3,2707200,2803200,2707200,2707200,660,644
dashboard-stock,301180.31,7,1843200,3187200,1843200,1843200,660,644
dashboard-stock,301180.98,0,2016000,2016000,2016000,2016000,660,640
dashboard-stock,301180.98,3,2707200,2803200,2707200,2707200,660,644
dashboard-stock,301180.98,7,1843200,3187200,1843200,1843200,660,644
dashboard-stock,301181.63,0,2016000,2016000,2016000,2016000,660,640
dashboard-stock,301181.63,3,2707200,2803200,2707200,2707200,660,644
dashboard-stock,301181.63,7,1843200,3187200,1843200,1843200,660,644
dashboard-stock,301182.29,0,2016000,2016000,2016000,2016000,660,640
dashboard-stock,301182.29,3,2707200,2803200,2707200,2707200,660,644
dashboard-stock,301182.29,7,1843200,3187200,1843200,1843200,660,644
dashboard-stock,301182.94,0,2016000,2016000,2016000,2016000,660,640
dashboard-stock,301182.94,3,2707200,2803200,2707200,2707200,660,644
dashboard-stock,301182.94,7,1843200,3187200,1843200,1843200,660,644
dashboard-stock,301183.59,0,2016000,2016000,2016000,2016000,660,640
dashboard-stock,301183.59,3,2707200,2803200,2707200,2707200,660,644
dashboard-stock,301183.59,7,1843200,3187200,1843200,1843200,660,644
dashboard-stock,301184.24,0,2016000,2016000,2016000,2016000,660,640
dashboard-stock,301184.24,3,2707200,2803200,2707200,2707200,660,644
dashboard-stock,301184.24,7,1843200,3187200,1843200,1843200,660,644
dashboard-stock,301184.90,0,2016000,2016000,2016000,2016000,660,640
dashboard-stock,301184.90,3,2707200,2803200,2707200,2707200,660,644
dashboard-stock,301184.90,7,1843200,3187200,1843200,1843200,660,644
dashboard-stock,301185.57,0,2016000,2016000,2016000,2016000,660,640
dashboard-stock,301185.57,3,2707200,2803200,2707200,2707200,660,644
dashboard-stock,301185.57,7,1843200,3187200,1843200,1843200,660,644
dashboard-stock,301186.21,0,2016000,2016000,2016000,2016000,660,640
dashboard-stock,301186.21,3,2707200,2803200,2707200,2707200,660,644
dashboard-stock,301186.21,7,1843200,3187200,2227200,2227200,660,644
dashboard-stock,301186.85,0,2016000,2016000,2016000,2016000,660,640
dashboard-stock,301186.85,3,2707200,2803200,2707200,2707200,660,644
dashboard-stock,301186.85,7,1843200,3187200,1843200,1843200,660,644
dashboard-stock,301187.50,0,2016000,2016000,2016000,2016000,660,640
dashboard-stock,301187.50,3,2707200,2803200,2707200,2707200,660,644
dashboard-stock,301187.50,7,1843200,3187200,1843200,1843200,660,644
dashboard-stock,301188.14,0,2016000,2016000,2016000,2016000,660,640
dashboard-stock,301188.14,3,2707200,2803200,2707200,2707200,660,644
dashboard-stock,301188.14,7,1843200,3187200,1843200,1843200,660,644
dashboard-stock,301188.80,0,2016000,2016000,2016000,2016000,660,640
dashboard-stock,301188.80,3,2707200,2803200,2707200,2707200,660,644
dashboard-stock,301188.80,7,1843200,3187200,1843200,1843200,660,644
dashboard-stock,301189.45,0,2016000,2016000,2016000,2016000,660,640
dashboard-stock,301189.45,3,2707200,2803200,2707200,2707200,660,644
dashboard-stock,301189.45,7,1843200,3187200,1843200,1843200,660,644
comparison-protected-above-1ghz,301319.27,0,1555200,1555200,1555200,1555200,440,440
comparison-protected-above-1ghz,301319.27,3,2054400,2054400,2054400,2054400,440,444
comparison-protected-above-1ghz,301319.27,7,1248000,2092800,2092800,2092800,440,444
comparison-protected-above-1ghz,301319.98,0,1555200,1555200,1555200,1555200,440,440
comparison-protected-above-1ghz,301319.98,3,2054400,2054400,2054400,2054400,440,444
comparison-protected-above-1ghz,301319.98,7,1248000,2092800,1248000,1248000,440,444
comparison-protected-above-1ghz,301320.71,0,1555200,1555200,1555200,1555200,440,440
comparison-protected-above-1ghz,301320.71,3,2054400,2054400,2054400,2054400,440,444
comparison-protected-above-1ghz,301320.71,7,1248000,2092800,1248000,1248000,440,444
comparison-protected-above-1ghz,301321.40,0,1555200,1555200,1555200,1555200,440,440
comparison-protected-above-1ghz,301321.40,3,2054400,2054400,2054400,2054400,440,444
comparison-protected-above-1ghz,301321.40,7,1248000,2092800,1248000,1248000,440,444
comparison-protected-above-1ghz,301322.06,0,1555200,1555200,1555200,1555200,440,440
comparison-protected-above-1ghz,301322.06,3,2054400,2054400,2054400,2054400,440,444
comparison-protected-above-1ghz,301322.06,7,1248000,2092800,1248000,1248000,440,444
comparison-protected-above-1ghz,301322.76,0,1555200,1555200,1555200,1555200,440,440
comparison-protected-above-1ghz,301322.76,3,2054400,2054400,2054400,2054400,440,444
comparison-protected-above-1ghz,301322.76,7,1248000,2092800,1248000,1248000,440,444
comparison-protected-above-1ghz,301323.48,0,1555200,1555200,1555200,1555200,440,440
comparison-protected-above-1ghz,301323.48,3,2054400,2054400,2054400,2054400,440,444
comparison-protected-above-1ghz,301323.48,7,1248000,2092800,1248000,1248000,440,444
comparison-protected-above-1ghz,301324.18,0,1555200,1555200,1555200,1555200,440,440
comparison-protected-above-1ghz,301324.18,3,2054400,2054400,2054400,2054400,440,444
comparison-protected-above-1ghz,301324.18,7,1248000,2092800,1248000,1248000,440,444
comparison-protected-above-1ghz,301324.89,0,1555200,1555200,1555200,1555200,440,440
comparison-protected-above-1ghz,301324.89,3,2054400,2054400,2054400,2054400,440,444
comparison-protected-above-1ghz,301324.89,7,1248000,2092800,1248000,1248000,440,444
comparison-protected-above-1ghz,301325.59,0,1555200,1555200,1555200,1555200,440,440
comparison-protected-above-1ghz,301325.59,3,2054400,2054400,2054400,2054400,440,444
comparison-protected-above-1ghz,301325.59,7,1248000,2092800,1248000,1248000,440,444
comparison-protected-above-1ghz,301326.27,0,1555200,1555200,1555200,1555200,440,440
comparison-protected-above-1ghz,301326.27,3,2054400,2054400,2054400,2054400,440,444
comparison-protected-above-1ghz,301326.27,7,1248000,2092800,1248000,1248000,440,444
comparison-protected-above-1ghz,301326.95,0,1555200,1555200,1555200,1555200,440,440
comparison-protected-above-1ghz,301326.95,3,2054400,2054400,2054400,2054400,440,444
comparison-protected-above-1ghz,301326.95,7,1248000,2092800,1248000,1248000,440,444
comparison-protected-above-1ghz,301327.65,0,1555200,1555200,1555200,1555200,440,440
comparison-protected-above-1ghz,301327.65,3,2054400,2054400,2054400,2054400,440,444
comparison-protected-above-1ghz,301327.65,7,1248000,2092800,1248000,1248000,440,444
comparison-protected-above-1ghz,301328.34,0,1555200,1555200,1555200,1555200,440,440
comparison-protected-above-1ghz,301328.34,3,2054400,2054400,2054400,2054400,440,444
comparison-protected-above-1ghz,301328.34,7,1248000,2092800,1248000,1248000,440,444
comparison-protected-above-1ghz,301329.04,0,1555200,1555200,1555200,1555200,440,440
comparison-protected-above-1ghz,301329.04,3,2054400,2054400,2054400,2054400,440,444
comparison-protected-above-1ghz,301329.04,7,1248000,2092800,1248000,1248000,440,444
comparison-protected-above-1ghz,301329.74,0,1555200,1555200,1555200,1555200,440,440
comparison-protected-above-1ghz,301329.74,3,2054400,2054400,2054400,2054400,440,444
comparison-protected-above-1ghz,301329.74,7,1248000,2092800,1248000,1248000,440,444
comparison-protected-above-1ghz,301330.44,0,1555200,1555200,1555200,1555200,440,440
comparison-protected-above-1ghz,301330.44,3,2054400,2054400,2054400,2054400,440,444
comparison-protected-above-1ghz,301330.44,7,1248000,2092800,1248000,1248000,440,444
comparison-protected-above-1ghz,301331.16,0,1555200,1555200,1555200,1555200,440,440
comparison-protected-above-1ghz,301331.16,3,2054400,2054400,2054400,2054400,440,444
comparison-protected-above-1ghz,301331.16,7,1248000,2092800,1248000,1248000,440,444
comparison-protected-above-1ghz,301331.85,0,1555200,1555200,1555200,1555200,440,440
comparison-protected-above-1ghz,301331.85,3,2054400,2054400,2054400,2054400,440,444
comparison-protected-above-1ghz,301331.85,7,1248000,2092800,1248000,1248000,440,444
comparison-protected-above-1ghz,301332.56,0,1555200,1555200,1555200,1555200,440,440
comparison-protected-above-1ghz,301332.56,3,2054400,2054400,2054400,2054400,440,444
comparison-protected-above-1ghz,301332.56,7,1248000,2092800,1248000,1248000,440,444
comparison-protected-above-1ghz,301333.26,0,1555200,1555200,1555200,1555200,440,440
comparison-protected-above-1ghz,301333.26,3,2054400,2054400,2054400,2054400,440,444
comparison-protected-above-1ghz,301333.26,7,1248000,2092800,1248000,1248000,440,444
comparison-protected-above-1ghz,301333.98,0,1555200,1555200,1555200,1555200,440,440
comparison-protected-above-1ghz,301333.98,3,2054400,2054400,2054400,2054400,440,444
comparison-protected-above-1ghz,301333.98,7,1248000,2092800,1248000,1248000,440,444
comparison-protected-above-1ghz,301334.67,0,1555200,1555200,1555200,1555200,440,440
comparison-protected-above-1ghz,301334.67,3,2054400,2054400,2054400,2054400,440,444
comparison-protected-above-1ghz,301334.67,7,1248000,2092800,1248000,1248000,440,444
comparison-protected-above-1ghz,301335.37,0,1555200,1555200,1555200,1555200,440,440
comparison-protected-above-1ghz,301335.37,3,2054400,2054400,2054400,2054400,440,444
comparison-protected-above-1ghz,301335.37,7,1248000,2092800,1248000,1248000,440,444
comparison-protected-above-1ghz,301336.07,0,1555200,1555200,1555200,1555200,440,440
comparison-protected-above-1ghz,301336.07,3,2054400,2054400,2054400,2054400,440,444
comparison-protected-above-1ghz,301336.07,7,1248000,2092800,1248000,1248000,440,444
comparison-protected-above-1ghz,301336.77,0,1555200,1555200,1555200,1555200,440,440
comparison-protected-above-1ghz,301336.77,3,2054400,2054400,2054400,2054400,440,444
comparison-protected-above-1ghz,301336.77,7,1248000,2092800,1248000,1248000,440,444
comparison-protected-above-1ghz,301337.46,0,1555200,1555200,1555200,1555200,440,440
comparison-protected-above-1ghz,301337.46,3,2054400,2054400,2054400,2054400,440,444
comparison-protected-above-1ghz,301337.46,7,1248000,2092800,1248000,1248000,440,444
comparison-protected-above-1ghz,301338.16,0,1555200,1555200,1555200,1555200,440,440
comparison-protected-above-1ghz,301338.16,3,2054400,2054400,2054400,2054400,440,444
comparison-protected-above-1ghz,301338.16,7,1248000,2092800,1248000,1248000,440,444
comparison-protected-above-1ghz,301338.86,0,1555200,1555200,1555200,1555200,440,440
comparison-protected-above-1ghz,301338.86,3,2054400,2054400,2054400,2054400,440,444
comparison-protected-above-1ghz,301338.86,7,1248000,2092800,1248000,1248000,440,444
comparison-protected-above-1ghz,301339.54,0,1555200,1555200,1555200,1555200,440,440
comparison-protected-above-1ghz,301339.54,3,2054400,2054400,2054400,2054400,440,444
comparison-protected-above-1ghz,301339.54,7,1248000,2092800,1248000,1248000,440,444
comparison-protected-below-1ghz,301341.14,0,1555200,1555200,1555200,1555200,440,440
comparison-protected-below-1ghz,301341.14,3,2054400,2054400,2054400,2054400,440,444
comparison-protected-below-1ghz,301341.14,7,595200,2092800,2092800,2092800,440,444
comparison-protected-below-1ghz,301341.83,0,1555200,1555200,1555200,1555200,440,440
comparison-protected-below-1ghz,301341.83,3,2054400,2054400,2054400,2054400,440,444
comparison-protected-below-1ghz,301341.83,7,595200,2092800,595200,595200,440,444
comparison-protected-below-1ghz,301342.53,0,1555200,1555200,1555200,1555200,440,440
comparison-protected-below-1ghz,301342.53,3,2054400,2054400,2054400,2054400,440,444
comparison-protected-below-1ghz,301342.53,7,595200,2092800,595200,595200,440,444
comparison-protected-below-1ghz,301343.24,0,1555200,1555200,1555200,1555200,440,440
comparison-protected-below-1ghz,301343.24,3,2054400,2054400,2054400,2054400,440,444
comparison-protected-below-1ghz,301343.24,7,595200,2092800,595200,595200,440,444
comparison-protected-below-1ghz,301343.94,0,1555200,1555200,1555200,1555200,440,440
comparison-protected-below-1ghz,301343.94,3,2054400,2054400,2054400,2054400,440,444
comparison-protected-below-1ghz,301343.94,7,595200,2092800,595200,595200,440,444
comparison-protected-below-1ghz,301344.66,0,1555200,1555200,1555200,1555200,440,440
comparison-protected-below-1ghz,301344.66,3,2054400,2054400,2054400,2054400,440,444
comparison-protected-below-1ghz,301344.66,7,595200,2092800,595200,595200,440,444
comparison-protected-below-1ghz,301345.36,0,1555200,1555200,1555200,1555200,440,440
comparison-protected-below-1ghz,301345.36,3,2054400,2054400,2054400,2054400,440,444
comparison-protected-below-1ghz,301345.36,7,595200,2092800,2092800,2092800,440,444
comparison-protected-below-1ghz,301346.06,0,1555200,1555200,1555200,1555200,440,440
comparison-protected-below-1ghz,301346.06,3,2054400,2054400,2054400,2054400,440,444
comparison-protected-below-1ghz,301346.06,7,595200,2092800,595200,595200,440,444
comparison-protected-below-1ghz,301346.76,0,1555200,1555200,1555200,1555200,440,440
comparison-protected-below-1ghz,301346.76,3,2054400,2054400,2054400,2054400,440,444
comparison-protected-below-1ghz,301346.76,7,595200,2092800,595200,595200,440,444
comparison-protected-below-1ghz,301347.44,0,1555200,1555200,1555200,1555200,440,440
comparison-protected-below-1ghz,301347.44,3,2054400,2054400,2054400,2054400,440,444
comparison-protected-below-1ghz,301347.44,7,595200,2092800,595200,595200,440,444
comparison-protected-below-1ghz,301348.14,0,1555200,1555200,1555200,1555200,440,440
comparison-protected-below-1ghz,301348.14,3,2054400,2054400,2054400,2054400,440,444
comparison-protected-below-1ghz,301348.14,7,595200,2092800,595200,595200,440,444
comparison-protected-below-1ghz,301348.85,0,1555200,1555200,1555200,1555200,440,440
comparison-protected-below-1ghz,301348.85,3,2054400,2054400,2054400,2054400,440,444
comparison-protected-below-1ghz,301348.85,7,595200,2092800,595200,595200,440,444
comparison-protected-below-1ghz,301349.55,0,1555200,1555200,1555200,1555200,440,440
comparison-protected-below-1ghz,301349.55,3,2054400,2054400,2054400,2054400,440,444
comparison-protected-below-1ghz,301349.55,7,595200,2092800,595200,595200,440,444
comparison-protected-below-1ghz,301350.24,0,1555200,1555200,1555200,1555200,440,440
comparison-protected-below-1ghz,301350.24,3,2054400,2054400,2054400,2054400,440,444
comparison-protected-below-1ghz,301350.24,7,595200,2092800,595200,595200,440,444
comparison-protected-below-1ghz,301350.94,0,1555200,1555200,1555200,1555200,440,440
comparison-protected-below-1ghz,301350.94,3,2054400,2054400,2054400,2054400,440,444
comparison-protected-below-1ghz,301350.94,7,595200,2092800,595200,595200,440,444
comparison-protected-below-1ghz,301351.64,0,1555200,1555200,1555200,1555200,440,440
comparison-protected-below-1ghz,301351.64,3,2054400,2054400,2054400,2054400,440,444
comparison-protected-below-1ghz,301351.64,7,595200,2092800,595200,595200,440,444
comparison-protected-below-1ghz,301352.34,0,1555200,1555200,1555200,1555200,440,440
comparison-protected-below-1ghz,301352.34,3,2054400,2054400,2054400,2054400,440,444
comparison-protected-below-1ghz,301352.34,7,595200,2092800,595200,595200,440,444
comparison-protected-below-1ghz,301353.03,0,1555200,1555200,1555200,1555200,440,440
comparison-protected-below-1ghz,301353.03,3,2054400,2054400,2054400,2054400,440,444
comparison-protected-below-1ghz,301353.03,7,595200,2092800,595200,595200,440,444
comparison-protected-below-1ghz,301353.72,0,1555200,1555200,1555200,1555200,440,440
comparison-protected-below-1ghz,301353.72,3,2054400,2054400,2054400,2054400,440,444
comparison-protected-below-1ghz,301353.72,7,595200,2092800,595200,595200,440,444
comparison-protected-below-1ghz,301354.42,0,1555200,1555200,1555200,1555200,440,440
comparison-protected-below-1ghz,301354.42,3,2054400,2054400,2054400,2054400,440,444
comparison-protected-below-1ghz,301354.42,7,595200,2092800,595200,595200,440,444
comparison-protected-below-1ghz,301355.14,0,1555200,1555200,1555200,1555200,440,440
comparison-protected-below-1ghz,301355.14,3,2054400,2054400,2054400,2054400,440,444
comparison-protected-below-1ghz,301355.14,7,595200,2092800,595200,595200,440,444
comparison-protected-below-1ghz,301355.83,0,1555200,1555200,1555200,1555200,440,440
comparison-protected-below-1ghz,301355.83,3,2054400,2054400,2054400,2054400,440,444
comparison-protected-below-1ghz,301355.83,7,595200,2092800,595200,595200,440,444
comparison-protected-below-1ghz,301356.56,0,1555200,1555200,1555200,1555200,440,440
comparison-protected-below-1ghz,301356.56,3,2054400,2054400,2054400,2054400,440,444
comparison-protected-below-1ghz,301356.56,7,595200,2092800,595200,595200,440,444
comparison-protected-below-1ghz,301357.25,0,1555200,1555200,1555200,1555200,440,440
comparison-protected-below-1ghz,301357.25,3,2054400,2054400,2054400,2054400,440,444
comparison-protected-below-1ghz,301357.25,7,595200,2092800,595200,595200,440,444
comparison-protected-below-1ghz,301357.97,0,1555200,1555200,1555200,1555200,440,440
comparison-protected-below-1ghz,301357.97,3,2054400,2054400,2054400,2054400,440,444
comparison-protected-below-1ghz,301357.97,7,595200,2092800,595200,595200,440,444
comparison-protected-below-1ghz,301358.67,0,1555200,1555200,1555200,1555200,440,440
comparison-protected-below-1ghz,301358.67,3,2054400,2054400,2054400,2054400,440,444
comparison-protected-below-1ghz,301358.67,7,595200,2092800,595200,595200,440,444
comparison-protected-below-1ghz,301359.36,0,1555200,1555200,1555200,1555200,440,440
comparison-protected-below-1ghz,301359.36,3,2054400,2054400,2054400,2054400,440,444
comparison-protected-below-1ghz,301359.36,7,595200,2092800,595200,595200,440,444
comparison-protected-below-1ghz,301360.06,0,1555200,1555200,1555200,1555200,440,440
comparison-protected-below-1ghz,301360.06,3,2054400,2054400,2054400,2054400,440,444
comparison-protected-below-1ghz,301360.06,7,595200,2092800,595200,595200,440,444
comparison-protected-below-1ghz,301360.76,0,1555200,1555200,1555200,1555200,440,440
comparison-protected-below-1ghz,301360.76,3,2054400,2054400,2054400,2054400,440,444
comparison-protected-below-1ghz,301360.76,7,595200,2092800,595200,595200,440,444
comparison-protected-below-1ghz,301361.46,0,1555200,1555200,1555200,1555200,440,440
comparison-protected-below-1ghz,301361.46,3,2054400,2054400,2054400,2054400,440,444
comparison-protected-below-1ghz,301361.46,7,595200,2092800,595200,595200,440,444
comparison-writable,301297.39,0,1555200,1555200,1555200,1555200,660,440
comparison-writable,301297.39,3,2054400,2054400,2054400,2054400,660,444
comparison-writable,301297.39,7,595200,2092800,2092800,2092800,660,444
comparison-writable,301298.02,0,1555200,1555200,1555200,1555200,660,440
comparison-writable,301298.02,3,2054400,2054400,2054400,2054400,660,444
comparison-writable,301298.02,7,595200,2092800,595200,595200,660,444
comparison-writable,301298.74,0,1555200,1555200,1555200,1555200,660,440
comparison-writable,301298.74,3,2054400,2054400,2054400,2054400,660,444
comparison-writable,301298.74,7,595200,2092800,595200,595200,660,444
comparison-writable,301299.45,0,1555200,1555200,1555200,1555200,660,440
comparison-writable,301299.45,3,2054400,2054400,2054400,2054400,660,444
comparison-writable,301299.45,7,595200,2092800,595200,595200,660,444
comparison-writable,301300.14,0,1555200,1555200,1555200,1555200,660,440
comparison-writable,301300.14,3,2054400,2054400,2054400,2054400,660,444
comparison-writable,301300.14,7,595200,2092800,595200,595200,660,444
comparison-writable,301300.84,0,1555200,1555200,1555200,1555200,660,440
comparison-writable,301300.84,3,2054400,2054400,2054400,2054400,660,444
comparison-writable,301300.84,7,595200,2092800,595200,595200,660,444
comparison-writable,301301.55,0,1555200,1555200,1555200,1555200,660,440
comparison-writable,301301.55,3,2054400,2054400,2054400,2054400,660,444
comparison-writable,301301.55,7,595200,2092800,595200,595200,660,444
comparison-writable,301302.24,0,1555200,1555200,1555200,1555200,660,440
comparison-writable,301302.24,3,2054400,2054400,2054400,2054400,660,444
comparison-writable,301302.24,7,595200,2092800,595200,595200,660,444
comparison-writable,301302.93,0,1555200,1555200,1555200,1555200,660,440
comparison-writable,301302.93,3,2054400,2054400,2054400,2054400,660,444
comparison-writable,301302.93,7,595200,2092800,595200,595200,660,444
comparison-writable,301303.61,0,1555200,1555200,1555200,1555200,660,440
comparison-writable,301303.61,3,2054400,2054400,2054400,2054400,660,444
comparison-writable,301303.61,7,595200,2092800,595200,595200,660,444
comparison-writable,301304.32,0,1555200,1555200,1555200,1555200,660,440
comparison-writable,301304.32,3,2054400,2054400,2054400,2054400,660,444
comparison-writable,301304.32,7,595200,2092800,595200,595200,660,444
comparison-writable,301305.00,0,1555200,1555200,1555200,1555200,660,440
comparison-writable,301305.00,3,2054400,2054400,2054400,2054400,660,444
comparison-writable,301305.00,7,595200,2092800,595200,595200,660,444
comparison-writable,301305.71,0,1555200,1555200,1555200,1555200,660,440
comparison-writable,301305.71,3,2054400,2054400,2054400,2054400,660,444
comparison-writable,301305.71,7,595200,2092800,595200,595200,660,444
comparison-writable,301306.40,0,1555200,1555200,1555200,1555200,660,440
comparison-writable,301306.40,3,2054400,2054400,2054400,2054400,660,444
comparison-writable,301306.40,7,1843200,2092800,1843200,1843200,660,444
comparison-writable,301307.11,0,1555200,1555200,1555200,1555200,660,440
comparison-writable,301307.11,3,2054400,2054400,2054400,2054400,660,444
comparison-writable,301307.11,7,1843200,2092800,2092800,2092800,660,444
comparison-writable,301307.81,0,1555200,1555200,1555200,1555200,660,440
comparison-writable,301307.81,3,2054400,2054400,2054400,2054400,660,444
comparison-writable,301307.81,7,1843200,2092800,1843200,1843200,660,444
comparison-writable,301308.54,0,1555200,1555200,1555200,1555200,660,440
comparison-writable,301308.54,3,2054400,2054400,2054400,2054400,660,444
comparison-writable,301308.54,7,1843200,2092800,1843200,1843200,660,444
comparison-writable,301309.25,0,1555200,1555200,1555200,1555200,660,440
comparison-writable,301309.25,3,2054400,2054400,2054400,2054400,660,444
comparison-writable,301309.25,7,1843200,2092800,1843200,1843200,660,444
comparison-writable,301309.95,0,1555200,1555200,1555200,1555200,660,440
comparison-writable,301309.95,3,2054400,2054400,2054400,2054400,660,444
comparison-writable,301309.95,7,1843200,2092800,1843200,1843200,660,444
comparison-writable,301310.65,0,1555200,1555200,1555200,1555200,660,440
comparison-writable,301310.65,3,2054400,2054400,2054400,2054400,660,444
comparison-writable,301310.65,7,1843200,2092800,1843200,1843200,660,444
comparison-writable,301311.33,0,1555200,1555200,1555200,1555200,660,440
comparison-writable,301311.33,3,2054400,2054400,2054400,2054400,660,444
comparison-writable,301311.33,7,1843200,2092800,1843200,1843200,660,444
comparison-writable,301312.03,0,1555200,1555200,1555200,1555200,660,440
comparison-writable,301312.03,3,2054400,2054400,2054400,2054400,660,444
comparison-writable,301312.03,7,1843200,2092800,1843200,1843200,660,444
comparison-writable,301312.73,0,1555200,1555200,1555200,1555200,660,440
comparison-writable,301312.73,3,2054400,2054400,2054400,2054400,660,444
comparison-writable,301312.73,7,1843200,2092800,1843200,1843200,660,444
comparison-writable,301313.42,0,1555200,1555200,1555200,1555200,660,440
comparison-writable,301313.42,3,2054400,2054400,2054400,2054400,660,444
comparison-writable,301313.42,7,1843200,2092800,1843200,1843200,660,444
comparison-writable,301314.12,0,1555200,1555200,1555200,1555200,660,440
comparison-writable,301314.12,3,2054400,2054400,2054400,2054400,660,444
comparison-writable,301314.12,7,1843200,2092800,1843200,1843200,660,444
comparison-writable,301314.81,0,1555200,1555200,1555200,1555200,660,440
comparison-writable,301314.81,3,2054400,2054400,2054400,2054400,660,444
comparison-writable,301314.81,7,1843200,2092800,1843200,1843200,660,444
comparison-writable,301315.51,0,1555200,1555200,1555200,1555200,660,440
comparison-writable,301315.51,3,2054400,2054400,2054400,2054400,660,444
comparison-writable,301315.51,7,1843200,2092800,1843200,1843200,660,444
comparison-writable,301316.21,0,1555200,1555200,1555200,1555200,660,440
comparison-writable,301316.21,3,2054400,2054400,2054400,2054400,660,444
comparison-writable,301316.21,7,1843200,2092800,1843200,1843200,660,444
comparison-writable,301316.92,0,1555200,1555200,1555200,1555200,660,440
comparison-writable,301316.92,3,2054400,2054400,2054400,2054400,660,444
comparison-writable,301316.92,7,1843200,2092800,1843200,1843200,660,444
comparison-writable,301317.64,0,1555200,1555200,1555200,1555200,660,440
comparison-writable,301317.64,3,2054400,2054400,2054400,2054400,660,444
comparison-writable,301317.64,7,1843200,2092800,1843200,1843200,660,444
verification-stock-restored,301419.10,0,2016000,2016000,2016000,2016000,440,640
verification-stock-restored,301419.10,3,2707200,2803200,2707200,2707200,440,644
verification-stock-restored,301419.10,7,595200,3187200,595200,595200,440,644
verification-stock-restored,301419.79,0,2016000,2016000,2016000,2016000,660,640
verification-stock-restored,301419.79,3,2707200,2803200,2707200,2707200,660,644
verification-stock-restored,301419.79,7,595200,3187200,595200,595200,660,644
verification-stock-restored,301420.50,0,2016000,2016000,2016000,2016000,660,640
verification-stock-restored,301420.50,3,2707200,2803200,2707200,2707200,660,644
verification-stock-restored,301420.50,7,595200,3187200,595200,595200,660,644
verification-stock-restored,301421.16,0,2016000,2016000,2016000,2016000,660,640
verification-stock-restored,301421.16,3,2707200,2803200,2707200,2707200,660,644
verification-stock-restored,301421.16,7,595200,3187200,595200,595200,660,644
verification-stock-restored,301421.81,0,2016000,2016000,2016000,2016000,660,640
verification-stock-restored,301421.81,3,2707200,2803200,2707200,2707200,660,644
verification-stock-restored,301421.81,7,595200,3187200,595200,595200,660,644
verification-stock-restored,301422.48,0,2016000,2016000,2016000,2016000,660,640
verification-stock-restored,301422.48,3,2707200,2803200,2707200,2707200,660,644
verification-stock-restored,301422.48,7,595200,3187200,595200,595200,660,644
verification-stock-restored,301423.12,0,2016000,2016000,2016000,2016000,660,640
verification-stock-restored,301423.12,3,2707200,2803200,2707200,2707200,660,644
verification-stock-restored,301423.12,7,595200,3187200,595200,595200,660,644
verification-stock-restored,301423.77,0,2016000,2016000,2016000,2016000,660,640
verification-stock-restored,301423.77,3,2707200,2803200,2707200,2707200,660,644
verification-stock-restored,301423.77,7,595200,3187200,595200,595200,660,644
verification-stock-restored,301424.43,0,2016000,2016000,2016000,2016000,660,640
verification-stock-restored,301424.43,3,2707200,2803200,2707200,2707200,660,644
verification-stock-restored,301424.43,7,595200,3187200,595200,595200,660,644
verification-stock-restored,301425.08,0,2016000,2016000,2016000,2016000,660,640
verification-stock-restored,301425.08,3,2707200,2803200,2707200,2707200,660,644
verification-stock-restored,301425.08,7,595200,3187200,595200,595200,660,644
verification-stock-restored,301425.74,0,2016000,2016000,2016000,2016000,660,640
verification-stock-restored,301425.74,3,2707200,2803200,2707200,2707200,660,644
verification-stock-restored,301425.74,7,595200,3187200,595200,595200,660,644
verification-stock-restored,301426.40,0,2016000,2016000,2016000,2016000,660,640
verification-stock-restored,301426.40,3,2707200,2803200,2707200,2707200,660,644
verification-stock-restored,301426.40,7,595200,3187200,595200,595200,660,644
verification-stock-restored,301427.07,0,2016000,2016000,2016000,2016000,660,640
verification-stock-restored,301427.07,3,2707200,2803200,2707200,2707200,660,644
verification-stock-restored,301427.07,7,595200,3187200,595200,595200,660,644
verification-stock-restored,301427.73,0,2016000,2016000,2016000,2016000,660,640
verification-stock-restored,301427.73,3,2707200,2803200,2707200,2707200,660,644
verification-stock-restored,301427.73,7,1843200,3187200,1843200,1843200,660,644
verification-stock-restored,301428.41,0,2016000,2016000,2016000,2016000,660,640
verification-stock-restored,301428.41,3,2707200,2803200,2707200,2707200,660,644
verification-stock-restored,301428.41,7,1843200,3187200,1843200,1843200,660,644
verification-stock-restored,301429.05,0,2016000,2016000,2016000,2016000,660,640
verification-stock-restored,301429.05,3,2707200,2803200,2707200,2707200,660,644
verification-stock-restored,301429.05,7,1843200,3187200,1843200,1843200,660,644
verification-stock-restored,301429.71,0,2016000,2016000,2016000,2016000,660,640
verification-stock-restored,301429.71,3,2707200,2803200,2707200,2707200,660,644
verification-stock-restored,301429.71,7,1843200,3187200,1843200,1843200,660,644
verification-stock-restored,301430.37,0,2016000,2016000,2016000,2016000,660,640
verification-stock-restored,301430.37,3,2707200,2803200,2707200,2707200,660,644
verification-stock-restored,301430.37,7,1843200,3187200,1843200,1843200,660,644
verification-stock-restored,301431.02,0,2016000,2016000,2016000,2016000,660,640
verification-stock-restored,301431.02,3,2707200,2803200,2707200,2707200,660,644
verification-stock-restored,301431.02,7,1843200,3187200,1843200,1843200,660,644
verification-stock-restored,301431.69,0,2016000,2016000,2016000,2016000,660,640
verification-stock-restored,301431.69,3,2707200,2803200,2707200,2707200,660,644
verification-stock-restored,301431.69,7,1843200,3187200,1843200,1843200,660,644
verification-stock-restored,301432.34,0,2016000,2016000,2016000,2016000,660,640
verification-stock-restored,301432.34,3,2707200,2803200,2707200,2707200,660,644
verification-stock-restored,301432.34,7,1843200,3187200,1843200,1843200,660,644
verification-stock-restored,301433.01,0,2016000,2016000,2016000,2016000,660,640
verification-stock-restored,301433.01,3,2707200,2803200,2707200,2707200,660,644
verification-stock-restored,301433.01,7,1843200,3187200,1843200,1843200,660,644
verification-stock-restored,301433.66,0,2016000,2016000,2016000,2016000,660,640
verification-stock-restored,301433.66,3,2707200,2803200,2707200,2707200,660,644
verification-stock-restored,301433.66,7,1843200,3187200,1843200,1843200,660,644
verification-stock-restored,301434.31,0,2016000,2016000,2016000,2016000,660,640
verification-stock-restored,301434.31,3,2707200,2803200,2707200,2707200,660,644
verification-stock-restored,301434.31,7,1843200,3187200,1843200,1843200,660,644
verification-stock-restored,301434.95,0,2016000,2016000,2016000,2016000,660,640
verification-stock-restored,301434.95,3,2707200,2803200,2707200,2707200,660,644
verification-stock-restored,301434.95,7,1843200,3187200,1843200,1843200,660,644
verification-stock-restored,301435.60,0,2016000,2016000,2016000,2016000,660,640
verification-stock-restored,301435.60,3,2707200,2803200,2707200,2707200,660,644
verification-stock-restored,301435.60,7,1843200,3187200,1843200,1843200,660,644
verification-stock-restored,301436.26,0,2016000,2016000,2016000,2016000,660,640
verification-stock-restored,301436.26,3,2707200,2803200,2707200,2707200,660,644
verification-stock-restored,301436.26,7,1843200,3187200,1843200,1843200,660,644
verification-stock-restored,301436.91,0,2016000,2016000,2016000,2016000,660,640
verification-stock-restored,301436.91,3,2707200,2803200,2707200,2707200,660,644
verification-stock-restored,301436.91,7,1843200,3187200,1843200,1843200,660,644
verification-stock-restored,301437.58,0,2016000,2016000,2016000,2016000,660,640
verification-stock-restored,301437.58,3,2707200,2803200,2707200,2707200,660,644
verification-stock-restored,301437.58,7,1843200,3187200,1843200,1843200,660,644
verification-stock-restored,301438.23,0,2016000,2016000,2016000,2016000,660,640
verification-stock-restored,301438.23,3,2707200,2803200,2707200,2707200,660,644
verification-stock-restored,301438.23,7,1843200,3187200,1843200,1843200,660,644
