mono_seconds,event,profile,details
232935.323387,tracing_mark_write,initial-transition-unknown,SECOND_START
232935.517247,cpu_frequency_limits,initial-transition-unknown,min=2016000 max=2016000 cpu_id=0
232935.517271,cpu_frequency,initial-transition-unknown,state=2016000 cpu_id=0
232935.517272,cpu_frequency,initial-transition-unknown,state=2016000 cpu_id=1
232935.517272,cpu_frequency,initial-transition-unknown,state=2016000 cpu_id=2
232935.555869,cpu_frequency_limits,initial-transition-unknown,min=2707200 max=2803200 cpu_id=3
232935.555902,cpu_frequency,initial-transition-unknown,state=2707200 cpu_id=3
232935.555902,cpu_frequency,initial-transition-unknown,state=2707200 cpu_id=4
232935.555902,cpu_frequency,initial-transition-unknown,state=2707200 cpu_id=5
232935.555903,cpu_frequency,initial-transition-unknown,state=2707200 cpu_id=6
232935.568863,cpu_frequency,initial-transition-unknown,state=2803200 cpu_id=3
232935.568864,cpu_frequency,initial-transition-unknown,state=2803200 cpu_id=4
232935.568864,cpu_frequency,initial-transition-unknown,state=2803200 cpu_id=5
232935.568865,cpu_frequency,initial-transition-unknown,state=2803200 cpu_id=6
232935.569186,cpu_frequency,initial-transition-unknown,state=2707200 cpu_id=3
232935.569187,cpu_frequency,initial-transition-unknown,state=2707200 cpu_id=4
232935.569187,cpu_frequency,initial-transition-unknown,state=2707200 cpu_id=5
232935.569187,cpu_frequency,initial-transition-unknown,state=2707200 cpu_id=6
232935.582185,cpu_frequency,initial-transition-unknown,state=2803200 cpu_id=3
232935.582185,cpu_frequency,initial-transition-unknown,state=2803200 cpu_id=4
232935.582186,cpu_frequency,initial-transition-unknown,state=2803200 cpu_id=5
232935.582186,cpu_frequency,initial-transition-unknown,state=2803200 cpu_id=6
232935.582518,cpu_frequency_limits,initial-transition-unknown,min=1843200 max=3187200 cpu_id=7
232935.598128,cpu_frequency,initial-transition-unknown,state=2707200 cpu_id=3
232935.598128,cpu_frequency,initial-transition-unknown,state=2707200 cpu_id=4
232935.598128,cpu_frequency,initial-transition-unknown,state=2707200 cpu_id=5
232935.598129,cpu_frequency,initial-transition-unknown,state=2707200 cpu_id=6
232935.598131,cpu_frequency,initial-transition-unknown,state=3187200 cpu_id=7
232935.662181,cpu_frequency,initial-transition-unknown,state=1843200 cpu_id=7
232935.676639,cpu_frequency,initial-transition-unknown,state=2803200 cpu_id=3
232935.676639,cpu_frequency,initial-transition-unknown,state=2803200 cpu_id=4
232935.676639,cpu_frequency,initial-transition-unknown,state=2803200 cpu_id=5
232935.676640,cpu_frequency,initial-transition-unknown,state=2803200 cpu_id=6
232935.694236,cpu_frequency,initial-transition-unknown,state=2707200 cpu_id=3
232935.694236,cpu_frequency,initial-transition-unknown,state=2707200 cpu_id=4
232935.694237,cpu_frequency,initial-transition-unknown,state=2707200 cpu_id=5
232935.694237,cpu_frequency,initial-transition-unknown,state=2707200 cpu_id=6
232935.716539,cpu_frequency,initial-transition-unknown,state=2803200 cpu_id=3
232935.716539,cpu_frequency,initial-transition-unknown,state=2803200 cpu_id=4
232935.716539,cpu_frequency,initial-transition-unknown,state=2803200 cpu_id=5
232935.716539,cpu_frequency,initial-transition-unknown,state=2803200 cpu_id=6
232935.716584,cpu_frequency,initial-transition-unknown,state=2707200 cpu_id=3
232935.716584,cpu_frequency,initial-transition-unknown,state=2707200 cpu_id=4
232935.716584,cpu_frequency,initial-transition-unknown,state=2707200 cpu_id=5
232935.716584,cpu_frequency,initial-transition-unknown,state=2707200 cpu_id=6
232935.716589,cpu_frequency,initial-transition-unknown,state=2803200 cpu_id=3
232935.716589,cpu_frequency,initial-transition-unknown,state=2803200 cpu_id=4
232935.716590,cpu_frequency,initial-transition-unknown,state=2803200 cpu_id=5
232935.716590,cpu_frequency,initial-transition-unknown,state=2803200 cpu_id=6
232935.716768,cpu_frequency,initial-transition-unknown,state=2342400 cpu_id=7
232935.717081,cpu_frequency,initial-transition-unknown,state=1843200 cpu_id=7
232935.723609,cpu_frequency,initial-transition-unknown,state=2707200 cpu_id=3
232935.723610,cpu_frequency,initial-transition-unknown,state=2707200 cpu_id=4
232935.723610,cpu_frequency,initial-transition-unknown,state=2707200 cpu_id=5
232935.723611,cpu_frequency,initial-transition-unknown,state=2707200 cpu_id=6
232935.726314,cpu_frequency,initial-transition-unknown,state=2803200 cpu_id=3
232935.726315,cpu_frequency,initial-transition-unknown,state=2803200 cpu_id=4
232935.726316,cpu_frequency,initial-transition-unknown,state=2803200 cpu_id=5
232935.726316,cpu_frequency,initial-transition-unknown,state=2803200 cpu_id=6
232935.728059,cpu_frequency,initial-transition-unknown,state=3187200 cpu_id=7
232935.742368,cpu_frequency,initial-transition-unknown,state=2707200 cpu_id=3
232935.742368,cpu_frequency,initial-transition-unknown,state=2707200 cpu_id=4
232935.742368,cpu_frequency,initial-transition-unknown,state=2707200 cpu_id=5
232935.742369,cpu_frequency,initial-transition-unknown,state=2707200 cpu_id=6
232935.756599,cpu_frequency,initial-transition-unknown,state=2803200 cpu_id=3
232935.756599,cpu_frequency,initial-transition-unknown,state=2803200 cpu_id=4
232935.756599,cpu_frequency,initial-transition-unknown,state=2803200 cpu_id=5
232935.756599,cpu_frequency,initial-transition-unknown,state=2803200 cpu_id=6
232935.758122,cpu_frequency,initial-transition-unknown,state=2707200 cpu_id=3
232935.758123,cpu_frequency,initial-transition-unknown,state=2707200 cpu_id=4
232935.758123,cpu_frequency,initial-transition-unknown,state=2707200 cpu_id=5
232935.758123,cpu_frequency,initial-transition-unknown,state=2707200 cpu_id=6
232935.759196,cpu_frequency,initial-transition-unknown,state=2803200 cpu_id=3
232935.759197,cpu_frequency,initial-transition-unknown,state=2803200 cpu_id=4
232935.759197,cpu_frequency,initial-transition-unknown,state=2803200 cpu_id=5
232935.759197,cpu_frequency,initial-transition-unknown,state=2803200 cpu_id=6
232935.759217,cpu_frequency,initial-transition-unknown,state=1843200 cpu_id=7
232935.765324,cpu_frequency,initial-transition-unknown,state=2592000 cpu_id=7
232935.766094,cpu_frequency,initial-transition-unknown,state=1843200 cpu_id=7
232935.774140,cpu_frequency,initial-transition-unknown,state=2707200 cpu_id=3
232935.774140,cpu_frequency,initial-transition-unknown,state=2707200 cpu_id=4
232935.774141,cpu_frequency,initial-transition-unknown,state=2707200 cpu_id=5
232935.774142,cpu_frequency,initial-transition-unknown,state=2707200 cpu_id=6
232935.777763,cpu_frequency,initial-transition-unknown,state=2803200 cpu_id=3
232935.777763,cpu_frequency,initial-transition-unknown,state=2803200 cpu_id=4
232935.777764,cpu_frequency,initial-transition-unknown,state=2803200 cpu_id=5
232935.777764,cpu_frequency,initial-transition-unknown,state=2803200 cpu_id=6
232935.790262,cpu_frequency,initial-transition-unknown,state=2707200 cpu_id=3
232935.790263,cpu_frequency,initial-transition-unknown,state=2707200 cpu_id=4
232935.790263,cpu_frequency,initial-transition-unknown,state=2707200 cpu_id=5
232935.790264,cpu_frequency,initial-transition-unknown,state=2707200 cpu_id=6
232935.816143,cpu_frequency,initial-transition-unknown,state=2803200 cpu_id=3
232935.816144,cpu_frequency,initial-transition-unknown,state=2803200 cpu_id=4
232935.816144,cpu_frequency,initial-transition-unknown,state=2803200 cpu_id=5
232935.816144,cpu_frequency,initial-transition-unknown,state=2803200 cpu_id=6
232935.817971,cpu_frequency,initial-transition-unknown,state=2707200 cpu_id=3
232935.817971,cpu_frequency,initial-transition-unknown,state=2707200 cpu_id=4
232935.817971,cpu_frequency,initial-transition-unknown,state=2707200 cpu_id=5
232935.817971,cpu_frequency,initial-transition-unknown,state=2707200 cpu_id=6
232935.826264,cpu_frequency,initial-transition-unknown,state=2803200 cpu_id=3
232935.826264,cpu_frequency,initial-transition-unknown,state=2803200 cpu_id=4
232935.826264,cpu_frequency,initial-transition-unknown,state=2803200 cpu_id=5
232935.826264,cpu_frequency,initial-transition-unknown,state=2803200 cpu_id=6
232935.834189,cpu_frequency,initial-transition-unknown,state=2707200 cpu_id=3
232935.834190,cpu_frequency,initial-transition-unknown,state=2707200 cpu_id=4
232935.834191,cpu_frequency,initial-transition-unknown,state=2707200 cpu_id=5
232935.834191,cpu_frequency,initial-transition-unknown,state=2707200 cpu_id=6
232935.839212,cpu_frequency,initial-transition-unknown,state=2803200 cpu_id=3
232935.839212,cpu_frequency,initial-transition-unknown,state=2803200 cpu_id=4
232935.839213,cpu_frequency,initial-transition-unknown,state=2803200 cpu_id=5
232935.839213,cpu_frequency,initial-transition-unknown,state=2803200 cpu_id=6
232935.856068,cpu_frequency,initial-transition-unknown,state=2707200 cpu_id=3
232935.856069,cpu_frequency,initial-transition-unknown,state=2707200 cpu_id=4
232935.856069,cpu_frequency,initial-transition-unknown,state=2707200 cpu_id=5
232935.856069,cpu_frequency,initial-transition-unknown,state=2707200 cpu_id=6
232935.856071,cpu_frequency,initial-transition-unknown,state=3187200 cpu_id=7
232935.934200,cpu_frequency,initial-transition-unknown,state=2476800 cpu_id=7
232935.943911,cpu_frequency,initial-transition-unknown,state=2592000 cpu_id=7
232935.945234,cpu_frequency,initial-transition-unknown,state=3187200 cpu_id=7
232935.946417,cpu_frequency,initial-transition-unknown,state=1843200 cpu_id=7
232935.949802,cpu_frequency,initial-transition-unknown,state=2803200 cpu_id=3
232935.949802,cpu_frequency,initial-transition-unknown,state=2803200 cpu_id=4
232935.949802,cpu_frequency,initial-transition-unknown,state=2803200 cpu_id=5
232935.949802,cpu_frequency,initial-transition-unknown,state=2803200 cpu_id=6
232935.950627,cpu_frequency,initial-transition-unknown,state=3187200 cpu_id=7
232935.950639,cpu_frequency,initial-transition-unknown,state=2707200 cpu_id=3
232935.950639,cpu_frequency,initial-transition-unknown,state=2707200 cpu_id=4
232935.950639,cpu_frequency,initial-transition-unknown,state=2707200 cpu_id=5
232935.950639,cpu_frequency,initial-transition-unknown,state=2707200 cpu_id=6
232935.951379,tracing_mark_write,stock,SETTLED_stock
232935.966142,cpu_frequency,stock,state=1843200 cpu_id=7
232935.980572,cpu_frequency,stock,state=2803200 cpu_id=3
232935.980572,cpu_frequency,stock,state=2803200 cpu_id=4
232935.980573,cpu_frequency,stock,state=2803200 cpu_id=5
232935.980573,cpu_frequency,stock,state=2803200 cpu_id=6
232936.000059,cpu_frequency,stock,state=2707200 cpu_id=3
232936.000059,cpu_frequency,stock,state=2707200 cpu_id=4
232936.000059,cpu_frequency,stock,state=2707200 cpu_id=5
232936.000059,cpu_frequency,stock,state=2707200 cpu_id=6
232936.000062,cpu_frequency,stock,state=3187200 cpu_id=7
232936.004519,cpu_frequency_limits,stock,min=2707200 max=2707200 cpu_id=3
232936.004522,cpu_frequency_limits,stock,min=2956800 max=2956800 cpu_id=7
232936.004525,cpu_frequency,stock,state=2956800 cpu_id=7
232936.411437,cpu_frequency_limits,stock,min=1843200 max=3187200 cpu_id=7
232936.411469,cpu_frequency_limits,stock,min=2707200 max=2803200 cpu_id=3
232936.414173,cpu_frequency,stock,state=3187200 cpu_id=7
232936.474779,cpu_frequency,stock,state=2803200 cpu_id=3
232936.474780,cpu_frequency,stock,state=2803200 cpu_id=4
232936.474780,cpu_frequency,stock,state=2803200 cpu_id=5
232936.474781,cpu_frequency,stock,state=2803200 cpu_id=6
232936.477494,cpu_frequency,stock,state=2707200 cpu_id=3
232936.477495,cpu_frequency,stock,state=2707200 cpu_id=4
232936.477495,cpu_frequency,stock,state=2707200 cpu_id=5
232936.477496,cpu_frequency,stock,state=2707200 cpu_id=6
232936.478301,cpu_frequency,stock,state=2803200 cpu_id=3
232936.478301,cpu_frequency,stock,state=2803200 cpu_id=4
232936.478302,cpu_frequency,stock,state=2803200 cpu_id=5
232936.478302,cpu_frequency,stock,state=2803200 cpu_id=6
232936.478308,cpu_frequency,stock,state=2956800 cpu_id=7
232936.494193,cpu_frequency,stock,state=2707200 cpu_id=3
232936.494194,cpu_frequency,stock,state=2707200 cpu_id=4
232936.494194,cpu_frequency,stock,state=2707200 cpu_id=5
232936.494195,cpu_frequency,stock,state=2707200 cpu_id=6
232936.494200,cpu_frequency,stock,state=1843200 cpu_id=7
232936.910257,cpu_frequency,stock,state=2803200 cpu_id=3
232936.910258,cpu_frequency,stock,state=2803200 cpu_id=4
232936.910258,cpu_frequency,stock,state=2803200 cpu_id=5
232936.910259,cpu_frequency,stock,state=2803200 cpu_id=6
232936.928063,cpu_frequency,stock,state=2707200 cpu_id=3
232936.928063,cpu_frequency,stock,state=2707200 cpu_id=4
232936.928064,cpu_frequency,stock,state=2707200 cpu_id=5
232936.928064,cpu_frequency,stock,state=2707200 cpu_id=6
232937.918775,cpu_frequency,stock,state=2803200 cpu_id=3
232937.918776,cpu_frequency,stock,state=2803200 cpu_id=4
232937.918776,cpu_frequency,stock,state=2803200 cpu_id=5
232937.918777,cpu_frequency,stock,state=2803200 cpu_id=6
232937.952048,cpu_frequency,stock,state=2707200 cpu_id=3
232937.952048,cpu_frequency,stock,state=2707200 cpu_id=4
232937.952049,cpu_frequency,stock,state=2707200 cpu_id=5
232937.952049,cpu_frequency,stock,state=2707200 cpu_id=6
232937.952051,cpu_frequency,stock,state=3187200 cpu_id=7
232938.015515,cpu_frequency,stock,state=2092800 cpu_id=7
232938.030190,cpu_frequency,stock,state=1843200 cpu_id=7
232939.437641,cpu_frequency,stock,state=2803200 cpu_id=3
232939.437641,cpu_frequency,stock,state=2803200 cpu_id=4
232939.437642,cpu_frequency,stock,state=2803200 cpu_id=5
232939.437642,cpu_frequency,stock,state=2803200 cpu_id=6
232939.470660,cpu_frequency,stock,state=2707200 cpu_id=3
232939.470660,cpu_frequency,stock,state=2707200 cpu_id=4
232939.470660,cpu_frequency,stock,state=2707200 cpu_id=5
232939.470661,cpu_frequency,stock,state=2707200 cpu_id=6
232939.470663,cpu_frequency,stock,state=3187200 cpu_id=7
232939.534477,cpu_frequency,stock,state=2092800 cpu_id=7
232939.550443,cpu_frequency,stock,state=1843200 cpu_id=7
232940.078325,cpu_frequency,stock,state=2803200 cpu_id=3
232940.078325,cpu_frequency,stock,state=2803200 cpu_id=4
232940.078326,cpu_frequency,stock,state=2803200 cpu_id=5
232940.078326,cpu_frequency,stock,state=2803200 cpu_id=6
232940.126173,cpu_frequency,stock,state=2707200 cpu_id=3
232940.126174,cpu_frequency,stock,state=2707200 cpu_id=4
232940.126174,cpu_frequency,stock,state=2707200 cpu_id=5
232940.126175,cpu_frequency,stock,state=2707200 cpu_id=6
232940.143752,cpu_frequency,stock,state=2803200 cpu_id=3
232940.143752,cpu_frequency,stock,state=2803200 cpu_id=4
232940.143753,cpu_frequency,stock,state=2803200 cpu_id=5
232940.143753,cpu_frequency,stock,state=2803200 cpu_id=6
232940.176061,cpu_frequency,stock,state=2707200 cpu_id=3
232940.176062,cpu_frequency,stock,state=2707200 cpu_id=4
232940.176062,cpu_frequency,stock,state=2707200 cpu_id=5
232940.176062,cpu_frequency,stock,state=2707200 cpu_id=6
232940.176064,cpu_frequency,stock,state=3187200 cpu_id=7
232940.254688,cpu_frequency,stock,state=1843200 cpu_id=7
232940.302654,cpu_frequency,stock,state=2803200 cpu_id=3
232940.302655,cpu_frequency,stock,state=2803200 cpu_id=4
232940.302655,cpu_frequency,stock,state=2803200 cpu_id=5
232940.302656,cpu_frequency,stock,state=2803200 cpu_id=6
232940.320058,cpu_frequency,stock,state=2707200 cpu_id=3
232940.320058,cpu_frequency,stock,state=2707200 cpu_id=4
232940.320058,cpu_frequency,stock,state=2707200 cpu_id=5
232940.320058,cpu_frequency,stock,state=2707200 cpu_id=6
232940.320060,cpu_frequency,stock,state=3187200 cpu_id=7
232940.334329,cpu_frequency,stock,state=2342400 cpu_id=7
232940.350661,cpu_frequency,stock,state=1843200 cpu_id=7
232940.382498,cpu_frequency,stock,state=2803200 cpu_id=3
232940.382499,cpu_frequency,stock,state=2803200 cpu_id=4
232940.382499,cpu_frequency,stock,state=2803200 cpu_id=5
232940.382500,cpu_frequency,stock,state=2803200 cpu_id=6
232940.398701,cpu_frequency,stock,state=2707200 cpu_id=3
232940.398702,cpu_frequency,stock,state=2707200 cpu_id=4
232940.398702,cpu_frequency,stock,state=2707200 cpu_id=5
232940.398702,cpu_frequency,stock,state=2707200 cpu_id=6
232940.398705,cpu_frequency,stock,state=3187200 cpu_id=7
232940.414461,cpu_frequency,stock,state=2476800 cpu_id=7
232940.421681,cpu_frequency,stock,state=1843200 cpu_id=7
232940.430634,cpu_frequency,stock,state=2803200 cpu_id=3
232940.430635,cpu_frequency,stock,state=2803200 cpu_id=4
232940.430636,cpu_frequency,stock,state=2803200 cpu_id=5
232940.430636,cpu_frequency,stock,state=2803200 cpu_id=6
232940.432045,cpu_frequency,stock,state=2707200 cpu_id=3
232940.432045,cpu_frequency,stock,state=2707200 cpu_id=4
232940.432045,cpu_frequency,stock,state=2707200 cpu_id=5
232940.432046,cpu_frequency,stock,state=2707200 cpu_id=6
232940.432048,cpu_frequency,stock,state=3187200 cpu_id=7
232940.446692,cpu_frequency,stock,state=2726400 cpu_id=7
232940.462175,cpu_frequency,stock,state=1843200 cpu_id=7
232940.506765,tracing_mark_write,stock,PMU_START_stock
232940.526157,cpu_frequency,stock,state=2803200 cpu_id=3
232940.526157,cpu_frequency,stock,state=2803200 cpu_id=4
232940.526158,cpu_frequency,stock,state=2803200 cpu_id=5
232940.526158,cpu_frequency,stock,state=2803200 cpu_id=6
232940.544047,cpu_frequency,stock,state=2707200 cpu_id=3
232940.544048,cpu_frequency,stock,state=2707200 cpu_id=4
232940.544048,cpu_frequency,stock,state=2707200 cpu_id=5
232940.544048,cpu_frequency,stock,state=2707200 cpu_id=6
232940.544050,cpu_frequency,stock,state=3187200 cpu_id=7
232940.590405,cpu_frequency,stock,state=2803200 cpu_id=3
232940.590405,cpu_frequency,stock,state=2803200 cpu_id=4
232940.590406,cpu_frequency,stock,state=2803200 cpu_id=5
232940.590406,cpu_frequency,stock,state=2803200 cpu_id=6
232940.617920,cpu_frequency,stock,state=2707200 cpu_id=3
232940.617920,cpu_frequency,stock,state=2707200 cpu_id=4
232940.617920,cpu_frequency,stock,state=2707200 cpu_id=5
232940.617921,cpu_frequency,stock,state=2707200 cpu_id=6
232940.617952,cpu_frequency,stock,state=2803200 cpu_id=3
232940.617952,cpu_frequency,stock,state=2803200 cpu_id=4
232940.617952,cpu_frequency,stock,state=2803200 cpu_id=5
232940.617953,cpu_frequency,stock,state=2803200 cpu_id=6
232940.618188,cpu_frequency,stock,state=2707200 cpu_id=3
232940.618188,cpu_frequency,stock,state=2707200 cpu_id=4
232940.618189,cpu_frequency,stock,state=2707200 cpu_id=5
232940.618189,cpu_frequency,stock,state=2707200 cpu_id=6
232940.618216,cpu_frequency,stock,state=2803200 cpu_id=3
232940.618216,cpu_frequency,stock,state=2803200 cpu_id=4
232940.618217,cpu_frequency,stock,state=2803200 cpu_id=5
232940.618217,cpu_frequency,stock,state=2803200 cpu_id=6
232940.618248,cpu_frequency,stock,state=2707200 cpu_id=3
232940.618248,cpu_frequency,stock,state=2707200 cpu_id=4
232940.618249,cpu_frequency,stock,state=2707200 cpu_id=5
232940.618249,cpu_frequency,stock,state=2707200 cpu_id=6
232940.618262,cpu_frequency,stock,state=2803200 cpu_id=3
232940.618262,cpu_frequency,stock,state=2803200 cpu_id=4
232940.618262,cpu_frequency,stock,state=2803200 cpu_id=5
232940.618263,cpu_frequency,stock,state=2803200 cpu_id=6
232940.618424,cpu_frequency,stock,state=2707200 cpu_id=3
232940.618424,cpu_frequency,stock,state=2707200 cpu_id=4
232940.618424,cpu_frequency,stock,state=2707200 cpu_id=5
232940.618425,cpu_frequency,stock,state=2707200 cpu_id=6
232940.618526,cpu_frequency,stock,state=2803200 cpu_id=3
232940.618526,cpu_frequency,stock,state=2803200 cpu_id=4
232940.618527,cpu_frequency,stock,state=2803200 cpu_id=5
232940.618528,cpu_frequency,stock,state=2803200 cpu_id=6
232940.632127,cpu_frequency,stock,state=1843200 cpu_id=7
232940.654425,cpu_frequency,stock,state=3187200 cpu_id=7
232940.719065,cpu_frequency,stock,state=2707200 cpu_id=3
232940.719065,cpu_frequency,stock,state=2707200 cpu_id=4
232940.719066,cpu_frequency,stock,state=2707200 cpu_id=5
232940.719066,cpu_frequency,stock,state=2707200 cpu_id=6
232940.719086,cpu_frequency,stock,state=2803200 cpu_id=3
232940.719087,cpu_frequency,stock,state=2803200 cpu_id=4
232940.719088,cpu_frequency,stock,state=2803200 cpu_id=5
232940.719088,cpu_frequency,stock,state=2803200 cpu_id=6
232940.734684,cpu_frequency,stock,state=2707200 cpu_id=3
232940.734685,cpu_frequency,stock,state=2707200 cpu_id=4
232940.734685,cpu_frequency,stock,state=2707200 cpu_id=5
232940.734686,cpu_frequency,stock,state=2707200 cpu_id=6
232940.974695,cpu_frequency,stock,state=2803200 cpu_id=3
232940.974695,cpu_frequency,stock,state=2803200 cpu_id=4
232940.974696,cpu_frequency,stock,state=2803200 cpu_id=5
232940.974696,cpu_frequency,stock,state=2803200 cpu_id=6
232941.070216,cpu_frequency,stock,state=2707200 cpu_id=3
232941.070217,cpu_frequency,stock,state=2707200 cpu_id=4
232941.070217,cpu_frequency,stock,state=2707200 cpu_id=5
232941.070218,cpu_frequency,stock,state=2707200 cpu_id=6
232941.333617,cpu_frequency,stock,state=2803200 cpu_id=3
232941.333617,cpu_frequency,stock,state=2803200 cpu_id=4
232941.333617,cpu_frequency,stock,state=2803200 cpu_id=5
232941.333618,cpu_frequency,stock,state=2803200 cpu_id=6
232941.342293,cpu_frequency,stock,state=2707200 cpu_id=3
232941.342293,cpu_frequency,stock,state=2707200 cpu_id=4
232941.342293,cpu_frequency,stock,state=2707200 cpu_id=5
232941.342293,cpu_frequency,stock,state=2707200 cpu_id=6
232941.448783,cpu_frequency,stock,state=2803200 cpu_id=3
232941.448783,cpu_frequency,stock,state=2803200 cpu_id=4
232941.448783,cpu_frequency,stock,state=2803200 cpu_id=5
232941.448784,cpu_frequency,stock,state=2803200 cpu_id=6
232941.449643,cpu_frequency,stock,state=2707200 cpu_id=3
232941.449644,cpu_frequency,stock,state=2707200 cpu_id=4
232941.449644,cpu_frequency,stock,state=2707200 cpu_id=5
232941.449645,cpu_frequency,stock,state=2707200 cpu_id=6
232941.534251,cpu_frequency,stock,state=2803200 cpu_id=3
232941.534251,cpu_frequency,stock,state=2803200 cpu_id=4
232941.534251,cpu_frequency,stock,state=2803200 cpu_id=5
232941.534251,cpu_frequency,stock,state=2803200 cpu_id=6
232941.550140,cpu_frequency,stock,state=2707200 cpu_id=3
232941.550141,cpu_frequency,stock,state=2707200 cpu_id=4
232941.550141,cpu_frequency,stock,state=2707200 cpu_id=5
232941.550142,cpu_frequency,stock,state=2707200 cpu_id=6
232942.510271,cpu_frequency,stock,state=2803200 cpu_id=3
232942.510271,cpu_frequency,stock,state=2803200 cpu_id=4
232942.510272,cpu_frequency,stock,state=2803200 cpu_id=5
232942.510273,cpu_frequency,stock,state=2803200 cpu_id=6
232942.606179,cpu_frequency,stock,state=2707200 cpu_id=3
232942.606180,cpu_frequency,stock,state=2707200 cpu_id=4
232942.606180,cpu_frequency,stock,state=2707200 cpu_id=5
232942.606181,cpu_frequency,stock,state=2707200 cpu_id=6
232943.293240,cpu_frequency,stock,state=2803200 cpu_id=3
232943.293241,cpu_frequency,stock,state=2803200 cpu_id=4
232943.293241,cpu_frequency,stock,state=2803200 cpu_id=5
232943.293241,cpu_frequency,stock,state=2803200 cpu_id=6
232943.310401,cpu_frequency,stock,state=2707200 cpu_id=3
232943.310401,cpu_frequency,stock,state=2707200 cpu_id=4
232943.310402,cpu_frequency,stock,state=2707200 cpu_id=5
232943.310402,cpu_frequency,stock,state=2707200 cpu_id=6
232943.351587,cpu_frequency,stock,state=2803200 cpu_id=3
232943.351588,cpu_frequency,stock,state=2803200 cpu_id=4
232943.351588,cpu_frequency,stock,state=2803200 cpu_id=5
232943.351589,cpu_frequency,stock,state=2803200 cpu_id=6
232943.358133,cpu_frequency,stock,state=2707200 cpu_id=3
232943.358133,cpu_frequency,stock,state=2707200 cpu_id=4
232943.358134,cpu_frequency,stock,state=2707200 cpu_id=5
232943.358134,cpu_frequency,stock,state=2707200 cpu_id=6
232944.030178,cpu_frequency,stock,state=2803200 cpu_id=3
232944.030179,cpu_frequency,stock,state=2803200 cpu_id=4
232944.030180,cpu_frequency,stock,state=2803200 cpu_id=5
232944.030180,cpu_frequency,stock,state=2803200 cpu_id=6
232944.126455,cpu_frequency,stock,state=2707200 cpu_id=3
232944.126455,cpu_frequency,stock,state=2707200 cpu_id=4
232944.126456,cpu_frequency,stock,state=2707200 cpu_id=5
232944.126456,cpu_frequency,stock,state=2707200 cpu_id=6
232945.567020,cpu_frequency,stock,state=2803200 cpu_id=3
232945.567021,cpu_frequency,stock,state=2803200 cpu_id=4
232945.567021,cpu_frequency,stock,state=2803200 cpu_id=5
232945.567022,cpu_frequency,stock,state=2803200 cpu_id=6
232945.662234,cpu_frequency,stock,state=2707200 cpu_id=3
232945.662235,cpu_frequency,stock,state=2707200 cpu_id=4
232945.662235,cpu_frequency,stock,state=2707200 cpu_id=5
232945.662236,cpu_frequency,stock,state=2707200 cpu_id=6
232947.086575,cpu_frequency,stock,state=2803200 cpu_id=3
232947.086575,cpu_frequency,stock,state=2803200 cpu_id=4
232947.086576,cpu_frequency,stock,state=2803200 cpu_id=5
232947.086576,cpu_frequency,stock,state=2803200 cpu_id=6
232947.182482,cpu_frequency,stock,state=2707200 cpu_id=3
232947.182483,cpu_frequency,stock,state=2707200 cpu_id=4
232947.182484,cpu_frequency,stock,state=2707200 cpu_id=5
232947.182484,cpu_frequency,stock,state=2707200 cpu_id=6
232948.624021,cpu_frequency,stock,state=2803200 cpu_id=3
232948.624021,cpu_frequency,stock,state=2803200 cpu_id=4
232948.624021,cpu_frequency,stock,state=2803200 cpu_id=5
232948.624021,cpu_frequency,stock,state=2803200 cpu_id=6
232948.641080,cpu_frequency,stock,state=2707200 cpu_id=3
232948.641081,cpu_frequency,stock,state=2707200 cpu_id=4
232948.641081,cpu_frequency,stock,state=2707200 cpu_id=5
232948.641081,cpu_frequency,stock,state=2707200 cpu_id=6
232948.720056,cpu_frequency,stock,state=1843200 cpu_id=7
232948.815358,tracing_mark_write,stock,PMU_END_stock
232948.832067,cpu_frequency,stock,state=2803200 cpu_id=3
232948.832067,cpu_frequency,stock,state=2803200 cpu_id=4
232948.832068,cpu_frequency,stock,state=2803200 cpu_id=5
232948.832068,cpu_frequency,stock,state=2803200 cpu_id=6
232948.862657,cpu_frequency,stock,state=2707200 cpu_id=3
232948.862657,cpu_frequency,stock,state=2707200 cpu_id=4
232948.862657,cpu_frequency,stock,state=2707200 cpu_id=5
232948.862657,cpu_frequency,stock,state=2707200 cpu_id=6
232948.862660,cpu_frequency,stock,state=3187200 cpu_id=7
232948.942161,cpu_frequency,stock,state=1843200 cpu_id=7
232949.339739,cpu_frequency,stock,state=2803200 cpu_id=3
232949.339739,cpu_frequency,stock,state=2803200 cpu_id=4
232949.339740,cpu_frequency,stock,state=2803200 cpu_id=5
232949.339740,cpu_frequency,stock,state=2803200 cpu_id=6
232949.342166,cpu_frequency,stock,state=2707200 cpu_id=3
232949.342166,cpu_frequency,stock,state=2707200 cpu_id=4
232949.342167,cpu_frequency,stock,state=2707200 cpu_id=5
232949.342167,cpu_frequency,stock,state=2707200 cpu_id=6
232949.758206,cpu_frequency,stock,state=2803200 cpu_id=3
232949.758206,cpu_frequency,stock,state=2803200 cpu_id=4
232949.758207,cpu_frequency,stock,state=2803200 cpu_id=5
232949.758207,cpu_frequency,stock,state=2803200 cpu_id=6
232949.774226,cpu_frequency,stock,state=2707200 cpu_id=3
232949.774226,cpu_frequency,stock,state=2707200 cpu_id=4
232949.774227,cpu_frequency,stock,state=2707200 cpu_id=5
232949.774228,cpu_frequency,stock,state=2707200 cpu_id=6
232950.158921,cpu_frequency,stock,state=2803200 cpu_id=3
232950.158922,cpu_frequency,stock,state=2803200 cpu_id=4
232950.158923,cpu_frequency,stock,state=2803200 cpu_id=5
232950.158923,cpu_frequency,stock,state=2803200 cpu_id=6
232950.191909,cpu_frequency,stock,state=2707200 cpu_id=3
232950.191909,cpu_frequency,stock,state=2707200 cpu_id=4
232950.191909,cpu_frequency,stock,state=2707200 cpu_id=5
232950.191909,cpu_frequency,stock,state=2707200 cpu_id=6
232950.191912,cpu_frequency,stock,state=3187200 cpu_id=7
232950.254237,cpu_frequency,stock,state=1843200 cpu_id=7
232951.438780,cpu_frequency,stock,state=2803200 cpu_id=3
232951.438781,cpu_frequency,stock,state=2803200 cpu_id=4
232951.438781,cpu_frequency,stock,state=2803200 cpu_id=5
232951.438782,cpu_frequency,stock,state=2803200 cpu_id=6
232951.470391,cpu_frequency,stock,state=3187200 cpu_id=7
232951.470417,cpu_frequency,stock,state=2707200 cpu_id=3
232951.470419,cpu_frequency,stock,state=2707200 cpu_id=4
232951.470420,cpu_frequency,stock,state=2707200 cpu_id=5
232951.470420,cpu_frequency,stock,state=2707200 cpu_id=6
232951.486204,cpu_frequency,stock,state=1843200 cpu_id=7
232951.533639,cpu_frequency,stock,state=2803200 cpu_id=3
232951.533639,cpu_frequency,stock,state=2803200 cpu_id=4
232951.533642,cpu_frequency,stock,state=2803200 cpu_id=5
232951.533643,cpu_frequency,stock,state=2803200 cpu_id=6
232951.552039,cpu_frequency,stock,state=2707200 cpu_id=3
232951.552039,cpu_frequency,stock,state=2707200 cpu_id=4
232951.552040,cpu_frequency,stock,state=2707200 cpu_id=5
232951.552040,cpu_frequency,stock,state=2707200 cpu_id=6
232951.552041,cpu_frequency,stock,state=3187200 cpu_id=7
232951.614968,cpu_frequency,stock,state=2342400 cpu_id=7
232951.630983,cpu_frequency,stock,state=1843200 cpu_id=7
232951.694239,cpu_frequency,stock,state=2803200 cpu_id=3
232951.694240,cpu_frequency,stock,state=2803200 cpu_id=4
232951.694242,cpu_frequency,stock,state=2803200 cpu_id=5
232951.694243,cpu_frequency,stock,state=2803200 cpu_id=6
232951.712046,cpu_frequency,stock,state=3187200 cpu_id=7
232951.773923,cpu_frequency,stock,state=2707200 cpu_id=3
232951.773923,cpu_frequency,stock,state=2707200 cpu_id=4
232951.773923,cpu_frequency,stock,state=2707200 cpu_id=5
232951.773923,cpu_frequency,stock,state=2707200 cpu_id=6
232951.822336,cpu_frequency,stock,state=1843200 cpu_id=7
232951.823485,cpu_frequency,stock,state=3187200 cpu_id=7
232951.839027,cpu_frequency,stock,state=1843200 cpu_id=7
232951.886937,cpu_frequency,stock,state=2803200 cpu_id=3
232951.886938,cpu_frequency,stock,state=2803200 cpu_id=4
232951.886939,cpu_frequency,stock,state=2803200 cpu_id=5
232951.886939,cpu_frequency,stock,state=2803200 cpu_id=6
232951.904107,cpu_frequency,stock,state=2707200 cpu_id=3
232951.904108,cpu_frequency,stock,state=2707200 cpu_id=4
232951.904108,cpu_frequency,stock,state=2707200 cpu_id=5
232951.904108,cpu_frequency,stock,state=2707200 cpu_id=6
232951.904110,cpu_frequency,stock,state=3187200 cpu_id=7
232951.919391,cpu_frequency,stock,state=2227200 cpu_id=7
232951.934182,cpu_frequency,stock,state=1843200 cpu_id=7
232951.967318,cpu_frequency,stock,state=2803200 cpu_id=3
232951.967318,cpu_frequency,stock,state=2803200 cpu_id=4
232951.967318,cpu_frequency,stock,state=2803200 cpu_id=5
232951.967318,cpu_frequency,stock,state=2803200 cpu_id=6
232951.982636,cpu_frequency,stock,state=2707200 cpu_id=3
232951.982636,cpu_frequency,stock,state=2707200 cpu_id=4
232951.982636,cpu_frequency,stock,state=2707200 cpu_id=5
232951.982636,cpu_frequency,stock,state=2707200 cpu_id=6
232951.982639,cpu_frequency,stock,state=3187200 cpu_id=7
232952.046173,cpu_frequency,stock,state=1843200 cpu_id=7
232952.078180,cpu_frequency,stock,state=2803200 cpu_id=3
232952.078181,cpu_frequency,stock,state=2803200 cpu_id=4
232952.078181,cpu_frequency,stock,state=2803200 cpu_id=5
232952.078182,cpu_frequency,stock,state=2803200 cpu_id=6
232952.094198,cpu_frequency,stock,state=2707200 cpu_id=3
232952.094198,cpu_frequency,stock,state=2707200 cpu_id=4
232952.094199,cpu_frequency,stock,state=2707200 cpu_id=5
232952.094199,cpu_frequency,stock,state=2707200 cpu_id=6
232952.110167,cpu_frequency,stock,state=2803200 cpu_id=3
232952.110168,cpu_frequency,stock,state=2803200 cpu_id=4
232952.110168,cpu_frequency,stock,state=2803200 cpu_id=5
232952.110169,cpu_frequency,stock,state=2803200 cpu_id=6
232952.128058,cpu_frequency,stock,state=2707200 cpu_id=3
232952.128058,cpu_frequency,stock,state=2707200 cpu_id=4
232952.128058,cpu_frequency,stock,state=2707200 cpu_id=5
232952.128059,cpu_frequency,stock,state=2707200 cpu_id=6
232952.128061,cpu_frequency,stock,state=3187200 cpu_id=7
232952.142192,cpu_frequency,stock,state=2841600 cpu_id=7
232952.158177,cpu_frequency,stock,state=1843200 cpu_id=7
232952.165980,cpu_frequency,stock,state=2841600 cpu_id=7
232952.174554,cpu_frequency,stock,state=1843200 cpu_id=7
232952.175860,cpu_frequency,stock,state=2803200 cpu_id=3
232952.175860,cpu_frequency,stock,state=2803200 cpu_id=4
232952.175861,cpu_frequency,stock,state=2803200 cpu_id=5
232952.175861,cpu_frequency,stock,state=2803200 cpu_id=6
232952.191837,cpu_frequency,stock,state=3187200 cpu_id=7
232952.191862,cpu_frequency,stock,state=2707200 cpu_id=3
232952.191864,cpu_frequency,stock,state=2707200 cpu_id=4
232952.191865,cpu_frequency,stock,state=2707200 cpu_id=5
232952.191866,cpu_frequency,stock,state=2707200 cpu_id=6
232952.228480,cpu_frequency,stock,state=2803200 cpu_id=3
232952.228480,cpu_frequency,stock,state=2803200 cpu_id=4
232952.228481,cpu_frequency,stock,state=2803200 cpu_id=5
232952.228481,cpu_frequency,stock,state=2803200 cpu_id=6
232952.238197,cpu_frequency,stock,state=2707200 cpu_id=3
232952.238197,cpu_frequency,stock,state=2707200 cpu_id=4
232952.238197,cpu_frequency,stock,state=2707200 cpu_id=5
232952.238197,cpu_frequency,stock,state=2707200 cpu_id=6
232952.254706,cpu_frequency,stock,state=1843200 cpu_id=7
232952.302218,cpu_frequency,stock,state=2803200 cpu_id=3
232952.302218,cpu_frequency,stock,state=2803200 cpu_id=4
232952.302219,cpu_frequency,stock,state=2803200 cpu_id=5
232952.302219,cpu_frequency,stock,state=2803200 cpu_id=6
232952.304056,cpu_frequency,stock,state=2707200 cpu_id=3
232952.304056,cpu_frequency,stock,state=2707200 cpu_id=4
232952.304056,cpu_frequency,stock,state=2707200 cpu_id=5
232952.304056,cpu_frequency,stock,state=2707200 cpu_id=6
232952.304058,cpu_frequency,stock,state=3187200 cpu_id=7
232952.398182,cpu_frequency,stock,state=1843200 cpu_id=7
232952.399184,cpu_frequency,stock,state=3187200 cpu_id=7
232952.400924,cpu_frequency,stock,state=1977600 cpu_id=7
232952.405680,cpu_frequency,stock,state=1843200 cpu_id=7
232952.406384,cpu_frequency,stock,state=3187200 cpu_id=7
232952.414172,cpu_frequency,stock,state=1843200 cpu_id=7
232952.469438,tracing_mark_write,stock,END_stock
232952.476047,cpu_frequency,stock,state=2803200 cpu_id=3
232952.476047,cpu_frequency,stock,state=2803200 cpu_id=4
232952.476048,cpu_frequency,stock,state=2803200 cpu_id=5
232952.476048,cpu_frequency,stock,state=2803200 cpu_id=6
232952.480066,cpu_frequency,stock,state=2707200 cpu_id=3
232952.480069,cpu_frequency,stock,state=2707200 cpu_id=4
232952.480069,cpu_frequency,stock,state=2707200 cpu_id=5
232952.480069,cpu_frequency,stock,state=2707200 cpu_id=6
232952.480072,cpu_frequency,stock,state=3187200 cpu_id=7
232952.504230,tracing_mark_write,applying,APPLY_START_small
232952.508242,cpu_frequency,applying,state=2803200 cpu_id=3
232952.508243,cpu_frequency,applying,state=2803200 cpu_id=4
232952.508244,cpu_frequency,applying,state=2803200 cpu_id=5
232952.508244,cpu_frequency,applying,state=2803200 cpu_id=6
232952.555754,cpu_frequency,applying,state=2707200 cpu_id=3
232952.555755,cpu_frequency,applying,state=2707200 cpu_id=4
232952.555755,cpu_frequency,applying,state=2707200 cpu_id=5
232952.555755,cpu_frequency,applying,state=2707200 cpu_id=6
232952.555784,cpu_frequency,applying,state=2803200 cpu_id=3
232952.555785,cpu_frequency,applying,state=2803200 cpu_id=4
232952.555785,cpu_frequency,applying,state=2803200 cpu_id=5
232952.555785,cpu_frequency,applying,state=2803200 cpu_id=6
232952.556332,cpu_frequency,applying,state=2707200 cpu_id=3
232952.556332,cpu_frequency,applying,state=2707200 cpu_id=4
232952.556332,cpu_frequency,applying,state=2707200 cpu_id=5
232952.556332,cpu_frequency,applying,state=2707200 cpu_id=6
232952.556475,cpu_frequency,applying,state=2803200 cpu_id=3
232952.556475,cpu_frequency,applying,state=2803200 cpu_id=4
232952.556476,cpu_frequency,applying,state=2803200 cpu_id=5
232952.556476,cpu_frequency,applying,state=2803200 cpu_id=6
232952.563933,cpu_frequency_limits,applying,min=2707200 max=2707200 cpu_id=3
232952.563948,cpu_frequency,applying,state=2707200 cpu_id=3
232952.563949,cpu_frequency,applying,state=2707200 cpu_id=4
232952.563949,cpu_frequency,applying,state=2707200 cpu_id=5
232952.563949,cpu_frequency,applying,state=2707200 cpu_id=6
232952.563950,cpu_frequency_limits,applying,min=2956800 max=2956800 cpu_id=7
232952.563952,cpu_frequency,applying,state=2956800 cpu_id=7
232952.964802,cpu_frequency_limits,applying,min=1843200 max=3187200 cpu_id=7
232952.964828,cpu_frequency_limits,applying,min=2707200 max=2803200 cpu_id=3
232952.974453,cpu_frequency,applying,state=1843200 cpu_id=7
232953.182586,cpu_frequency,applying,state=2803200 cpu_id=3
232953.182587,cpu_frequency,applying,state=2803200 cpu_id=4
232953.182587,cpu_frequency,applying,state=2803200 cpu_id=5
232953.182588,cpu_frequency,applying,state=2803200 cpu_id=6
232953.214772,cpu_frequency,applying,state=2707200 cpu_id=3
232953.214772,cpu_frequency,applying,state=2707200 cpu_id=4
232953.214772,cpu_frequency,applying,state=2707200 cpu_id=5
232953.214772,cpu_frequency,applying,state=2707200 cpu_id=6
232953.214774,cpu_frequency,applying,state=3187200 cpu_id=7
232953.224938,cpu_frequency,applying,state=2803200 cpu_id=3
232953.224939,cpu_frequency,applying,state=2803200 cpu_id=4
232953.224940,cpu_frequency,applying,state=2803200 cpu_id=5
232953.224940,cpu_frequency,applying,state=2803200 cpu_id=6
232953.246181,cpu_frequency,applying,state=2707200 cpu_id=3
232953.246182,cpu_frequency,applying,state=2707200 cpu_id=4
232953.246182,cpu_frequency,applying,state=2707200 cpu_id=5
232953.246183,cpu_frequency,applying,state=2707200 cpu_id=6
232953.261188,cpu_frequency,applying,state=2803200 cpu_id=3
232953.261189,cpu_frequency,applying,state=2803200 cpu_id=4
232953.261189,cpu_frequency,applying,state=2803200 cpu_id=5
232953.261190,cpu_frequency,applying,state=2803200 cpu_id=6
232953.278213,cpu_frequency,applying,state=2707200 cpu_id=3
232953.278214,cpu_frequency,applying,state=2707200 cpu_id=4
232953.278214,cpu_frequency,applying,state=2707200 cpu_id=5
232953.278215,cpu_frequency,applying,state=2707200 cpu_id=6
232953.278630,cpu_frequency,applying,state=2803200 cpu_id=3
232953.278631,cpu_frequency,applying,state=2803200 cpu_id=4
232953.278631,cpu_frequency,applying,state=2803200 cpu_id=5
232953.278631,cpu_frequency,applying,state=2803200 cpu_id=6
232953.278646,cpu_frequency,applying,state=2726400 cpu_id=7
232953.294249,cpu_frequency,applying,state=1843200 cpu_id=7
232953.312058,cpu_frequency,applying,state=2707200 cpu_id=3
232953.312058,cpu_frequency,applying,state=2707200 cpu_id=4
232953.312060,cpu_frequency,applying,state=2707200 cpu_id=5
232953.312060,cpu_frequency,applying,state=2707200 cpu_id=6
232953.312062,cpu_frequency,applying,state=3187200 cpu_id=7
232953.336032,cpu_frequency,applying,state=2803200 cpu_id=3
232953.336033,cpu_frequency,applying,state=2803200 cpu_id=4
232953.336033,cpu_frequency,applying,state=2803200 cpu_id=5
232953.336033,cpu_frequency,applying,state=2803200 cpu_id=6
232953.341906,cpu_frequency,applying,state=2707200 cpu_id=3
232953.341907,cpu_frequency,applying,state=2707200 cpu_id=4
232953.341907,cpu_frequency,applying,state=2707200 cpu_id=5
232953.341908,cpu_frequency,applying,state=2707200 cpu_id=6
232953.343008,cpu_frequency,applying,state=2803200 cpu_id=3
232953.343008,cpu_frequency,applying,state=2803200 cpu_id=4
232953.343009,cpu_frequency,applying,state=2803200 cpu_id=5
232953.343009,cpu_frequency,applying,state=2803200 cpu_id=6
232953.345603,cpu_frequency,applying,state=2707200 cpu_id=3
232953.345604,cpu_frequency,applying,state=2707200 cpu_id=4
232953.345604,cpu_frequency,applying,state=2707200 cpu_id=5
232953.345605,cpu_frequency,applying,state=2707200 cpu_id=6
232953.346012,cpu_frequency,applying,state=2803200 cpu_id=3
232953.346013,cpu_frequency,applying,state=2803200 cpu_id=4
232953.346013,cpu_frequency,applying,state=2803200 cpu_id=5
232953.346013,cpu_frequency,applying,state=2803200 cpu_id=6
232953.346771,cpu_frequency,applying,state=2707200 cpu_id=3
232953.346772,cpu_frequency,applying,state=2707200 cpu_id=4
232953.346772,cpu_frequency,applying,state=2707200 cpu_id=5
232953.346773,cpu_frequency,applying,state=2707200 cpu_id=6
232953.406165,cpu_frequency,applying,state=1843200 cpu_id=7
232953.406269,cpu_frequency,applying,state=3187200 cpu_id=7
232953.421857,cpu_frequency,applying,state=1843200 cpu_id=7
232953.422219,cpu_frequency,applying,state=2803200 cpu_id=3
232953.422220,cpu_frequency,applying,state=2803200 cpu_id=4
232953.422220,cpu_frequency,applying,state=2803200 cpu_id=5
232953.422221,cpu_frequency,applying,state=2803200 cpu_id=6
232953.430174,cpu_frequency,applying,state=2707200 cpu_id=3
232953.430174,cpu_frequency,applying,state=2707200 cpu_id=4
232953.430175,cpu_frequency,applying,state=2707200 cpu_id=5
232953.430176,cpu_frequency,applying,state=2707200 cpu_id=6
232953.482464,cpu_frequency_limits,applying,min=595200 max=3187200 cpu_id=7
232953.486530,cpu_frequency,applying,state=595200 cpu_id=7
232953.582386,cpu_frequency,applying,state=2803200 cpu_id=3
232953.582386,cpu_frequency,applying,state=2803200 cpu_id=4
232953.582387,cpu_frequency,applying,state=2803200 cpu_id=5
232953.582387,cpu_frequency,applying,state=2803200 cpu_id=6
232953.583189,cpu_frequency_limits,applying,min=1785600 max=1785600 cpu_id=0
232953.583220,cpu_frequency,applying,state=1785600 cpu_id=0
232953.583220,cpu_frequency,applying,state=1785600 cpu_id=1
232953.583221,cpu_frequency,applying,state=1785600 cpu_id=2
232953.598594,cpu_frequency,applying,state=2707200 cpu_id=3
232953.598594,cpu_frequency,applying,state=2707200 cpu_id=4
232953.598595,cpu_frequency,applying,state=2707200 cpu_id=5
232953.598595,cpu_frequency,applying,state=2707200 cpu_id=6
232953.598597,cpu_frequency,applying,state=3187200 cpu_id=7
232953.656495,cpu_frequency_limits,applying,min=2323200 max=2323200 cpu_id=3
232953.656537,cpu_frequency,applying,state=2323200 cpu_id=3
232953.656538,cpu_frequency,applying,state=2323200 cpu_id=4
232953.656539,cpu_frequency,applying,state=2323200 cpu_id=5
232953.656539,cpu_frequency,applying,state=2323200 cpu_id=6
232953.694163,cpu_frequency,applying,state=729600 cpu_id=7
232953.694854,cpu_frequency,applying,state=3187200 cpu_id=7
232953.696408,cpu_frequency,applying,state=595200 cpu_id=7
232953.703623,cpu_frequency_limits,applying,min=595200 max=2476800 cpu_id=7
232953.918612,cpu_frequency,applying,state=2476800 cpu_id=7
232953.934139,cpu_frequency,applying,state=1843200 cpu_id=7
232953.936052,cpu_frequency,applying,state=2476800 cpu_id=7
232954.046234,cpu_frequency,applying,state=2342400 cpu_id=7
232954.047360,tracing_mark_write,small,SETTLED_small
232954.048628,cpu_frequency,small,state=2092800 cpu_id=7
232954.051206,cpu_frequency,small,state=1843200 cpu_id=7
232954.051416,cpu_frequency,small,state=2476800 cpu_id=7
232954.062205,cpu_frequency,small,state=729600 cpu_id=7
232954.065213,cpu_frequency,small,state=595200 cpu_id=7
232954.096096,cpu_frequency,small,state=2476800 cpu_id=7
232954.105508,cpu_frequency_limits,small,min=2476800 max=2476800 cpu_id=7
232954.516462,cpu_frequency_limits,small,min=595200 max=2476800 cpu_id=7
232954.526183,cpu_frequency,small,state=595200 cpu_id=7
232956.287377,cpu_frequency,small,state=2476800 cpu_id=7
232956.350190,cpu_frequency,small,state=1593600 cpu_id=7
232956.366471,cpu_frequency,small,state=595200 cpu_id=7
232958.207029,cpu_frequency,small,state=2476800 cpu_id=7
232958.224090,cpu_frequency,small,state=1478400 cpu_id=7
232958.238253,cpu_frequency,small,state=595200 cpu_id=7
232958.272052,cpu_frequency,small,state=2476800 cpu_id=7
232958.366181,cpu_frequency,small,state=1363200 cpu_id=7
232958.382436,cpu_frequency,small,state=595200 cpu_id=7
232958.432090,cpu_frequency,small,state=2476800 cpu_id=7
232958.462229,cpu_frequency,small,state=595200 cpu_id=7
232958.512049,cpu_frequency,small,state=2476800 cpu_id=7
232958.574581,cpu_frequency,small,state=1843200 cpu_id=7
232958.590965,cpu_frequency,small,state=595200 cpu_id=7
232958.634658,tracing_mark_write,small,PMU_START_small
232958.672050,cpu_frequency,small,state=2476800 cpu_id=7
232966.766159,cpu_frequency,small,state=595200 cpu_id=7
232966.911492,tracing_mark_write,small,PMU_END_small
232966.942665,cpu_frequency,small,state=2476800 cpu_id=7
232967.054133,cpu_frequency,small,state=595200 cpu_id=7
232967.918594,cpu_frequency,small,state=2476800 cpu_id=7
232967.966169,cpu_frequency,small,state=595200 cpu_id=7
232969.999017,cpu_frequency,small,state=2476800 cpu_id=7
232970.014304,cpu_frequency,small,state=1248000 cpu_id=7
232970.030655,cpu_frequency,small,state=595200 cpu_id=7
232970.032028,cpu_frequency,small,state=2476800 cpu_id=7
232970.174433,cpu_frequency,small,state=595200 cpu_id=7
232970.256058,cpu_frequency,small,state=2476800 cpu_id=7
232970.286550,cpu_frequency,small,state=595200 cpu_id=7
232970.336063,cpu_frequency,small,state=2476800 cpu_id=7
232970.350430,cpu_frequency,small,state=998400 cpu_id=7
232970.366294,cpu_frequency,small,state=595200 cpu_id=7
232970.414563,cpu_frequency,small,state=2476800 cpu_id=7
232970.446651,cpu_frequency,small,state=998400 cpu_id=7
232970.462416,cpu_frequency,small,state=595200 cpu_id=7
232970.528067,cpu_frequency,small,state=2476800 cpu_id=7
232970.638249,cpu_frequency,small,state=729600 cpu_id=7
232970.656090,cpu_frequency,small,state=595200 cpu_id=7
232970.673456,tracing_mark_write,small,END_small
232970.704057,cpu_frequency,small,state=2476800 cpu_id=7
232970.737341,tracing_mark_write,applying,APPLY_START_medium
232970.823345,cpu_frequency_limits,applying,min=2476800 max=2476800 cpu_id=7
232971.223372,cpu_frequency_limits,applying,min=595200 max=2476800 cpu_id=7
232971.232092,cpu_frequency,applying,state=595200 cpu_id=7
232971.504487,cpu_frequency_limits,applying,min=1555200 max=1555200 cpu_id=0
232971.504500,cpu_frequency,applying,state=1555200 cpu_id=0
232971.504500,cpu_frequency,applying,state=1555200 cpu_id=1
232971.504501,cpu_frequency,applying,state=1555200 cpu_id=2
232971.528462,cpu_frequency_limits,applying,min=2054400 max=2054400 cpu_id=3
232971.528504,cpu_frequency,applying,state=2054400 cpu_id=3
232971.528506,cpu_frequency,applying,state=2054400 cpu_id=4
232971.528506,cpu_frequency,applying,state=2054400 cpu_id=5
232971.528507,cpu_frequency,applying,state=2054400 cpu_id=6
232971.534623,cpu_frequency,applying,state=2476800 cpu_id=7
232971.550352,cpu_frequency_limits,applying,min=595200 max=2092800 cpu_id=7
232971.550395,cpu_frequency,applying,state=2092800 cpu_id=7
232971.652549,tracing_mark_write,medium,SETTLED_medium
232971.695673,cpu_frequency_limits,medium,min=2092800 max=2092800 cpu_id=7
232972.111977,cpu_frequency_limits,medium,min=595200 max=2092800 cpu_id=7
232972.126252,cpu_frequency,medium,state=595200 cpu_id=7
232975.839127,cpu_frequency,medium,state=2092800 cpu_id=7
232975.854278,cpu_frequency,medium,state=1977600 cpu_id=7
232975.855315,cpu_frequency,medium,state=595200 cpu_id=7
232975.920053,cpu_frequency,medium,state=2092800 cpu_id=7
232976.030191,cpu_frequency,medium,state=1708800 cpu_id=7
232976.046168,cpu_frequency,medium,state=595200 cpu_id=7
232976.096054,cpu_frequency,medium,state=2092800 cpu_id=7
232976.128011,cpu_frequency,medium,state=1843200 cpu_id=7
232976.143532,cpu_frequency,medium,state=595200 cpu_id=7
232976.160040,cpu_frequency,medium,state=2092800 cpu_id=7
232976.270203,cpu_frequency,medium,state=595200 cpu_id=7
232976.324608,tracing_mark_write,medium,PMU_START_medium
232976.352063,cpu_frequency,medium,state=2092800 cpu_id=7
232976.440537,cpu_frequency,medium,state=998400 cpu_id=7
232976.446169,cpu_frequency,medium,state=1977600 cpu_id=7
232976.462247,cpu_frequency,medium,state=2092800 cpu_id=7
232984.462585,cpu_frequency,medium,state=595200 cpu_id=7
232984.608588,tracing_mark_write,medium,PMU_END_medium
232984.640067,cpu_frequency,medium,state=2092800 cpu_id=7
232984.750185,cpu_frequency,medium,state=1708800 cpu_id=7
232984.752408,cpu_frequency,medium,state=1593600 cpu_id=7
232984.766282,cpu_frequency,medium,state=595200 cpu_id=7
232984.766593,cpu_frequency,medium,state=2092800 cpu_id=7
232984.782157,cpu_frequency,medium,state=729600 cpu_id=7
232984.798158,cpu_frequency,medium,state=595200 cpu_id=7
232985.406730,cpu_frequency,medium,state=2092800 cpu_id=7
232985.422687,cpu_frequency,medium,state=1843200 cpu_id=7
232985.440059,cpu_frequency,medium,state=595200 cpu_id=7
232987.742646,cpu_frequency,medium,state=2092800 cpu_id=7
232987.774282,cpu_frequency,medium,state=595200 cpu_id=7
232987.808056,cpu_frequency,medium,state=2092800 cpu_id=7
232987.918203,cpu_frequency,medium,state=729600 cpu_id=7
232987.935791,cpu_frequency,medium,state=595200 cpu_id=7
232987.984054,cpu_frequency,medium,state=2092800 cpu_id=7
232988.014173,cpu_frequency,medium,state=1132800 cpu_id=7
232988.030545,cpu_frequency,medium,state=595200 cpu_id=7
232988.064053,cpu_frequency,medium,state=2092800 cpu_id=7
232988.143011,cpu_frequency,medium,state=595200 cpu_id=7
232988.224064,cpu_frequency,medium,state=2092800 cpu_id=7
232988.343324,cpu_frequency,medium,state=1843200 cpu_id=7
232988.344163,cpu_frequency,medium,state=2092800 cpu_id=7
232988.350224,cpu_frequency,medium,state=595200 cpu_id=7
232988.384046,cpu_frequency,medium,state=2092800 cpu_id=7
232988.385141,tracing_mark_write,medium,END_medium
232988.449902,tracing_mark_write,applying,APPLY_START_large
232988.533981,cpu_frequency_limits,applying,min=2092800 max=2092800 cpu_id=7
232988.934875,cpu_frequency_limits,applying,min=595200 max=2092800 cpu_id=7
232988.943693,cpu_frequency,applying,state=595200 cpu_id=7
232989.242831,cpu_frequency_limits,applying,min=1459200 max=1459200 cpu_id=0
232989.242852,cpu_frequency,applying,state=1459200 cpu_id=0
232989.242852,cpu_frequency,applying,state=1459200 cpu_id=1
232989.242853,cpu_frequency,applying,state=1459200 cpu_id=2
232989.288874,cpu_frequency_limits,applying,min=1785600 max=1785600 cpu_id=3
232989.288908,cpu_frequency,applying,state=1785600 cpu_id=3
232989.288908,cpu_frequency,applying,state=1785600 cpu_id=4
232989.288908,cpu_frequency,applying,state=1785600 cpu_id=5
232989.288908,cpu_frequency,applying,state=1785600 cpu_id=6
232989.294870,cpu_frequency,applying,state=2092800 cpu_id=7
232989.362480,cpu_frequency_limits,applying,min=595200 max=1843200 cpu_id=7
232989.362489,cpu_frequency,applying,state=1843200 cpu_id=7
232989.422447,cpu_frequency,applying,state=1132800 cpu_id=7
232989.427194,cpu_frequency,applying,state=1843200 cpu_id=7
232989.438209,cpu_frequency,applying,state=729600 cpu_id=7
232989.454174,cpu_frequency,applying,state=595200 cpu_id=7
232989.472078,cpu_frequency,applying,state=1843200 cpu_id=7
232989.502220,cpu_frequency,applying,state=729600 cpu_id=7
232989.504251,cpu_frequency,applying,state=595200 cpu_id=7
232989.568066,cpu_frequency,applying,state=1843200 cpu_id=7
232989.632166,tracing_mark_write,large,SETTLED_large
232989.706978,cpu_frequency_limits,large,min=1843200 max=1843200 cpu_id=7
232990.122015,cpu_frequency_limits,large,min=595200 max=1843200 cpu_id=7
232990.126171,cpu_frequency,large,state=595200 cpu_id=7
232991.438617,cpu_frequency,large,state=1843200 cpu_id=7
232991.470530,cpu_frequency,large,state=864000 cpu_id=7
232991.518262,cpu_frequency,large,state=595200 cpu_id=7
232993.806605,cpu_frequency,large,state=1843200 cpu_id=7
232993.838170,cpu_frequency,large,state=595200 cpu_id=7
232993.888063,cpu_frequency,large,state=1843200 cpu_id=7
232993.998192,cpu_frequency,large,state=1593600 cpu_id=7
232994.014168,cpu_frequency,large,state=595200 cpu_id=7
232994.024775,cpu_frequency,large,state=1843200 cpu_id=7
232994.030202,cpu_frequency,large,state=1593600 cpu_id=7
232994.046185,cpu_frequency,large,state=1363200 cpu_id=7
232994.062169,cpu_frequency,large,state=595200 cpu_id=7
232994.128063,cpu_frequency,large,state=1843200 cpu_id=7
232994.174176,cpu_frequency,large,state=595200 cpu_id=7
232994.187622,cpu_frequency,large,state=1843200 cpu_id=7
232994.190172,cpu_frequency,large,state=595200 cpu_id=7
232994.240053,cpu_frequency,large,state=1843200 cpu_id=7
232994.302228,cpu_frequency,large,state=1708800 cpu_id=7
232994.318185,cpu_frequency,large,state=595200 cpu_id=7
232994.371427,tracing_mark_write,large,PMU_START_large
232994.400081,cpu_frequency,large,state=1843200 cpu_id=7
233002.511778,cpu_frequency,large,state=595200 cpu_id=7
233002.594122,cpu_frequency,large,state=864000 cpu_id=7
233002.606225,cpu_frequency,large,state=595200 cpu_id=7
233002.678304,tracing_mark_write,large,PMU_END_large
233002.686606,cpu_frequency,large,state=1843200 cpu_id=7
233002.812416,cpu_frequency,large,state=595200 cpu_id=7
233002.823154,cpu_frequency,large,state=1843200 cpu_id=7
233002.830159,cpu_frequency,large,state=595200 cpu_id=7
233003.744058,cpu_frequency,large,state=1843200 cpu_id=7
233003.774305,cpu_frequency,large,state=1248000 cpu_id=7
233003.790949,cpu_frequency,large,state=595200 cpu_id=7
233005.790590,cpu_frequency,large,state=1843200 cpu_id=7
233005.822183,cpu_frequency,large,state=595200 cpu_id=7
233005.872057,cpu_frequency,large,state=1843200 cpu_id=7
233005.998726,cpu_frequency,large,state=729600 cpu_id=7
233006.015527,cpu_frequency,large,state=595200 cpu_id=7
233006.080071,cpu_frequency,large,state=1843200 cpu_id=7
233006.111517,cpu_frequency,large,state=1708800 cpu_id=7
233006.126179,cpu_frequency,large,state=595200 cpu_id=7
233006.160054,cpu_frequency,large,state=1843200 cpu_id=7
233006.254243,cpu_frequency,large,state=595200 cpu_id=7
233006.336072,cpu_frequency,large,state=1843200 cpu_id=7
233006.468086,tracing_mark_write,large,END_large
233006.478256,cpu_frequency,large,state=595200 cpu_id=7
233006.480069,cpu_frequency,large,state=1843200 cpu_id=7
233006.622190,cpu_frequency,large,state=595200 cpu_id=7
233006.635748,cpu_frequency,large,state=1843200 cpu_id=7
233006.638324,cpu_frequency,large,state=595200 cpu_id=7
233009.854898,cpu_frequency,large,state=1843200 cpu_id=7
233009.918206,cpu_frequency,large,state=1593600 cpu_id=7
233009.934852,cpu_frequency,large,state=595200 cpu_id=7
233011.422826,cpu_frequency,large,state=1843200 cpu_id=7
233011.440041,cpu_frequency,large,state=1593600 cpu_id=7
233011.454449,cpu_frequency,large,state=1363200 cpu_id=7
233011.470194,cpu_frequency,large,state=595200 cpu_id=7
233014.447889,cpu_frequency,large,state=1843200 cpu_id=7
233014.526217,cpu_frequency,large,state=864000 cpu_id=7
233014.542273,cpu_frequency,large,state=595200 cpu_id=7
233017.566622,cpu_frequency,large,state=1843200 cpu_id=7
233017.614516,cpu_frequency,large,state=1363200 cpu_id=7
233017.630211,cpu_frequency,large,state=595200 cpu_id=7
233029.696067,cpu_frequency,large,state=1843200 cpu_id=7
233029.759540,cpu_frequency,large,state=1593600 cpu_id=7
233029.774221,cpu_frequency,large,state=595200 cpu_id=7
233046.640501,cpu_frequency,large,state=1843200 cpu_id=7
233046.654406,cpu_frequency,large,state=1478400 cpu_id=7
233046.671316,cpu_frequency,large,state=595200 cpu_id=7
233049.694709,cpu_frequency,large,state=1843200 cpu_id=7
233049.726839,cpu_frequency,large,state=1363200 cpu_id=7
233049.743425,cpu_frequency,large,state=595200 cpu_id=7
233057.934702,cpu_frequency,large,state=1843200 cpu_id=7
233058.062142,cpu_frequency,large,state=595200 cpu_id=7
233058.062556,cpu_frequency,large,state=1843200 cpu_id=7
233058.078210,cpu_frequency,large,state=729600 cpu_id=7
233058.094207,cpu_frequency,large,state=595200 cpu_id=7
233058.910592,cpu_frequency,large,state=1843200 cpu_id=7
233058.958209,cpu_frequency,large,state=595200 cpu_id=7
233058.958732,cpu_frequency,large,state=1843200 cpu_id=7
233058.974683,cpu_frequency,large,state=595200 cpu_id=7
233059.008049,cpu_frequency,large,state=1843200 cpu_id=7
233059.023059,cpu_frequency,large,state=1593600 cpu_id=7
233059.026135,cpu_frequency,large,state=595200 cpu_id=7
233065.023357,cpu_frequency,large,state=1843200 cpu_id=7
233065.038313,cpu_frequency,large,state=1708800 cpu_id=7
233065.054311,cpu_frequency,large,state=1843200 cpu_id=7
233065.087190,cpu_frequency,large,state=1478400 cpu_id=7
233065.102178,cpu_frequency,large,state=595200 cpu_id=7
233072.704442,cpu_frequency,large,state=1843200 cpu_id=7
233072.782547,cpu_frequency,large,state=595200 cpu_id=7
233077.310619,cpu_frequency,large,state=1843200 cpu_id=7
233077.358208,cpu_frequency,large,state=1478400 cpu_id=7
233077.376137,cpu_frequency,large,state=595200 cpu_id=7
233078.832564,cpu_frequency,large,state=1843200 cpu_id=7
233078.895269,cpu_frequency,large,state=1478400 cpu_id=7
233078.910995,cpu_frequency,large,state=595200 cpu_id=7
233081.902745,cpu_frequency,large,state=1843200 cpu_id=7
233081.918579,cpu_frequency,large,state=1708800 cpu_id=7
233081.934205,cpu_frequency,large,state=1843200 cpu_id=7
233081.966902,cpu_frequency,large,state=1478400 cpu_id=7
233081.982916,cpu_frequency,large,state=595200 cpu_id=7
233092.702729,cpu_frequency,large,state=1843200 cpu_id=7
233092.734176,cpu_frequency,large,state=1363200 cpu_id=7
233092.750166,cpu_frequency,large,state=595200 cpu_id=7
233095.695125,cpu_frequency,large,state=1843200 cpu_id=7
233095.790178,cpu_frequency,large,state=595200 cpu_id=7
233100.286659,cpu_frequency,large,state=1843200 cpu_id=7
233100.350208,cpu_frequency,large,state=1363200 cpu_id=7
233100.368081,cpu_frequency,large,state=595200 cpu_id=7
233101.806675,cpu_frequency,large,state=1843200 cpu_id=7
233101.870441,cpu_frequency,large,state=1248000 cpu_id=7
233101.886212,cpu_frequency,large,state=595200 cpu_id=7
233104.846757,cpu_frequency,large,state=1843200 cpu_id=7
233104.926561,cpu_frequency,large,state=595200 cpu_id=7
233109.471100,cpu_frequency,large,state=1843200 cpu_id=7
233109.486206,cpu_frequency,large,state=1593600 cpu_id=7
233109.502332,cpu_frequency,large,state=595200 cpu_id=7
233113.999529,cpu_frequency,large,state=1843200 cpu_id=7
233114.078897,cpu_frequency,large,state=1132800 cpu_id=7
233114.094805,cpu_frequency,large,state=595200 cpu_id=7
233115.567323,cpu_frequency,large,state=1843200 cpu_id=7
233115.582936,cpu_frequency,large,state=1593600 cpu_id=7
233115.599375,cpu_frequency,large,state=1843200 cpu_id=7
233115.632115,cpu_frequency,large,state=1248000 cpu_id=7
233115.648149,cpu_frequency,large,state=595200 cpu_id=7
233135.214196,cpu_frequency,large,state=1843200 cpu_id=7
233135.246204,cpu_frequency,large,state=1363200 cpu_id=7
233135.246696,cpu_frequency,large,state=595200 cpu_id=7
233135.470594,cpu_frequency,large,state=1843200 cpu_id=7
233135.502227,cpu_frequency,large,state=1708800 cpu_id=7
233135.518182,cpu_frequency,large,state=1843200 cpu_id=7
233135.550401,cpu_frequency,large,state=998400 cpu_id=7
233135.566428,cpu_frequency,large,state=595200 cpu_id=7
233138.624489,cpu_frequency,large,state=1843200 cpu_id=7
233138.638203,cpu_frequency,large,state=1478400 cpu_id=7
233138.654224,cpu_frequency,large,state=595200 cpu_id=7
233140.143729,cpu_frequency,large,state=1843200 cpu_id=7
233140.174202,cpu_frequency,large,state=1132800 cpu_id=7
233140.191631,cpu_frequency,large,state=595200 cpu_id=7
233146.190770,cpu_frequency,large,state=1843200 cpu_id=7
233146.286566,cpu_frequency,large,state=595200 cpu_id=7
233150.848054,cpu_frequency,large,state=1843200 cpu_id=7
233150.862206,cpu_frequency,large,state=1593600 cpu_id=7
233150.878225,cpu_frequency,large,state=1843200 cpu_id=7
233150.894165,cpu_frequency,large,state=1593600 cpu_id=7
233150.910187,cpu_frequency,large,state=595200 cpu_id=7
233153.902673,cpu_frequency,large,state=1843200 cpu_id=7
233153.918263,cpu_frequency,large,state=1248000 cpu_id=7
233153.934919,cpu_frequency,large,state=864000 cpu_id=7
233153.950315,cpu_frequency,large,state=1708800 cpu_id=7
233153.966224,cpu_frequency,large,state=1593600 cpu_id=7
233153.982442,cpu_frequency,large,state=595200 cpu_id=7
233167.695012,cpu_frequency,large,state=1843200 cpu_id=7
233167.774322,cpu_frequency,large,state=1593600 cpu_id=7
233167.790242,cpu_frequency,large,state=595200 cpu_id=7
233167.872077,cpu_frequency,large,state=1843200 cpu_id=7
233167.886412,cpu_frequency,large,state=1363200 cpu_id=7
233167.902178,cpu_frequency,large,state=595200 cpu_id=7
233169.278634,cpu_frequency,large,state=1843200 cpu_id=7
233169.294240,cpu_frequency,large,state=1708800 cpu_id=7
233169.310194,cpu_frequency,large,state=1478400 cpu_id=7
233169.327650,cpu_frequency,large,state=595200 cpu_id=7
233170.830628,cpu_frequency,large,state=1843200 cpu_id=7
233170.862640,cpu_frequency,large,state=1248000 cpu_id=7
233170.879343,cpu_frequency,large,state=595200 cpu_id=7
233172.303225,cpu_frequency,large,state=1843200 cpu_id=7
233172.350241,cpu_frequency,large,state=864000 cpu_id=7
233172.366222,cpu_frequency,large,state=1843200 cpu_id=7
233172.382990,cpu_frequency,large,state=595200 cpu_id=7
233176.912043,cpu_frequency,large,state=1843200 cpu_id=7
233176.974324,cpu_frequency,large,state=1478400 cpu_id=7
233176.990295,cpu_frequency,large,state=595200 cpu_id=7
233187.694891,cpu_frequency,large,state=1843200 cpu_id=7
233187.726695,cpu_frequency,large,state=1478400 cpu_id=7
233187.742524,cpu_frequency,large,state=595200 cpu_id=7
233190.398584,cpu_frequency,large,state=1843200 cpu_id=7
233190.542201,cpu_frequency,large,state=595200 cpu_id=7
233190.546834,cpu_frequency,large,state=1843200 cpu_id=7
233190.558314,cpu_frequency,large,state=729600 cpu_id=7
233190.561428,cpu_frequency,large,state=1843200 cpu_id=7
233190.575218,cpu_frequency,large,state=595200 cpu_id=7
233190.703616,cpu_frequency,large,state=1843200 cpu_id=7
233190.782600,cpu_frequency,large,state=864000 cpu_id=7
233190.798465,cpu_frequency,large,state=595200 cpu_id=7
233191.486740,cpu_frequency,large,state=1843200 cpu_id=7
233191.504012,cpu_frequency,large,state=595200 cpu_id=7
233196.895301,cpu_frequency,large,state=1843200 cpu_id=7
233196.926779,cpu_frequency,large,state=998400 cpu_id=7
233196.958334,cpu_frequency,large,state=595200 cpu_id=7
233198.462844,cpu_frequency,large,state=1843200 cpu_id=7
233198.480091,cpu_frequency,large,state=1478400 cpu_id=7
233198.494733,cpu_frequency,large,state=595200 cpu_id=7
233200.243693,tracing_mark_write,large,SYSTEMWIDE_START_large
233200.304056,cpu_frequency,large,state=1843200 cpu_id=7
233200.430149,cpu_frequency,large,state=595200 cpu_id=7
233200.430314,cpu_frequency,large,state=1843200 cpu_id=7
233200.446219,cpu_frequency,large,state=595200 cpu_id=7
233205.272086,tracing_mark_write,large,SYSTEMWIDE_END_large
233205.662599,cpu_frequency,large,state=1843200 cpu_id=7
233205.678479,cpu_frequency,large,state=595200 cpu_id=7
233206.239444,cpu_frequency,large,state=1843200 cpu_id=7
233206.254161,cpu_frequency,large,state=595200 cpu_id=7
233216.863320,cpu_frequency,large,state=1843200 cpu_id=7
233216.878263,cpu_frequency,large,state=1708800 cpu_id=7
233216.896037,cpu_frequency,large,state=1843200 cpu_id=7
233216.910240,cpu_frequency,large,state=1363200 cpu_id=7
233216.927246,cpu_frequency,large,state=595200 cpu_id=7
233219.886892,cpu_frequency,large,state=1843200 cpu_id=7
233219.966763,cpu_frequency,large,state=864000 cpu_id=7
233219.982876,cpu_frequency,large,state=595200 cpu_id=7
233226.032614,cpu_frequency,large,state=1843200 cpu_id=7
233226.078179,cpu_frequency,large,state=1593600 cpu_id=7
233226.094961,cpu_frequency,large,state=1843200 cpu_id=7
233226.112081,cpu_frequency,large,state=864000 cpu_id=7
233226.126226,cpu_frequency,large,state=595200 cpu_id=7
233229.103233,cpu_frequency,large,state=1843200 cpu_id=7
233229.136031,cpu_frequency,large,state=1708800 cpu_id=7
233229.150230,cpu_frequency,large,state=1843200 cpu_id=7
233229.182623,cpu_frequency,large,state=864000 cpu_id=7
233229.198259,cpu_frequency,large,state=595200 cpu_id=7
233235.264582,cpu_frequency,large,state=1843200 cpu_id=7
233235.278169,cpu_frequency,large,state=998400 cpu_id=7
233235.296046,cpu_frequency,large,state=1132800 cpu_id=7
233235.310453,cpu_frequency,large,state=1843200 cpu_id=7
233235.342259,cpu_frequency,large,state=595200 cpu_id=7
233236.798956,cpu_frequency,large,state=1843200 cpu_id=7
233236.814308,cpu_frequency,large,state=1708800 cpu_id=7
233236.830860,cpu_frequency,large,state=1843200 cpu_id=7
233236.862243,cpu_frequency,large,state=1708800 cpu_id=7
233236.878280,cpu_frequency,large,state=595200 cpu_id=7
233238.318605,cpu_frequency,large,state=1843200 cpu_id=7
233238.382543,cpu_frequency,large,state=1363200 cpu_id=7
233238.398168,cpu_frequency,large,state=595200 cpu_id=7
233238.544493,cpu_frequency,large,state=1843200 cpu_id=7
233238.551683,tracing_mark_write,large,NATIVE_START_large
233238.584184,cpu_frequency,large,state=1248000 cpu_id=7
233238.590566,cpu_frequency,large,state=1843200 cpu_id=7
233246.586181,tracing_mark_write,large,NATIVE_END_large
233246.606183,cpu_frequency,large,state=595200 cpu_id=7
233262.863155,cpu_frequency,large,state=1843200 cpu_id=7
233262.894216,cpu_frequency,large,state=1363200 cpu_id=7
233262.910780,cpu_frequency,large,state=595200 cpu_id=7
233265.902831,cpu_frequency,large,state=1843200 cpu_id=7
233265.968149,cpu_frequency,large,state=1593600 cpu_id=7
233265.982174,cpu_frequency,large,state=595200 cpu_id=7
233269.022899,cpu_frequency,large,state=1843200 cpu_id=7
233269.038668,cpu_frequency,large,state=864000 cpu_id=7
233269.054276,cpu_frequency,large,state=595200 cpu_id=7
233272.079197,cpu_frequency,large,state=1843200 cpu_id=7
233272.112189,cpu_frequency,large,state=1593600 cpu_id=7
233272.128128,cpu_frequency,large,state=595200 cpu_id=7
233279.606753,tracing_mark_write,large,CAPTURE_END
