version,profile,observation,prime_min_khz,prime_max_khz,prime_driver_current_khz,prime_measured_clock_hz
1.3.0,stock,1,1843200,3187200,3187200,3057566400
1.3.0,stock,2,1843200,3187200,3187200,3108391552
1.3.0,stock,3,1843200,3187200,3187200,3007467712
1.3.0,stock,4,1843200,3187200,3187200,3028066368
1.3.0,stock,5,1843200,3187200,3187200,2956799552
1.3.0,stock,6,1843200,3187200,3187200,3180499776
1.3.0,stock,7,1843200,3187200,3187200,3187193408
1.3.0,stock,8,1843200,3187200,3187200,3180841984
1.3.0,stock,9,1843200,3187200,3187200,3167497024
1.3.0,stock,10,1843200,3187200,3187200,3129102720
1.3.0,medium,1,595200,2092800,2092800,2242314688
1.3.0,medium,2,595200,2092800,2092800,2112495488
1.3.0,medium,3,595200,2092800,2092800,2092735872
1.3.0,medium,4,595200,2092800,2092800,2178922624
1.3.0,medium,5,595200,2092800,2092800,2118235200
1.3.0,medium,6,595200,2092800,2092800,2182506112
1.3.0,medium,7,595200,2092800,2092800,2342411264
1.3.0,medium,8,595200,2092800,2092800,2198965888
1.3.0,medium,9,595200,2092800,2092800,2199139264
1.3.0,medium,10,595200,2092800,2092800,2342408896
1.3.0,large,1,595200,1843200,1843200,2092773376
1.3.0,large,2,595200,1843200,1843200,2092759296
1.3.0,large,3,595200,1843200,1843200,2092799168
1.3.0,large,4,595200,1843200,1843200,2092810880
1.3.0,large,5,595200,1843200,1843200,1883606336
1.3.0,large,6,595200,1843200,1843200,2004376512
1.3.0,large,7,595200,1843200,1843200,2092801536
1.3.0,large,8,595200,1843200,1843200,2092771008
1.3.0,large,9,595200,1843200,1843200,1931227712
1.3.0,large,10,595200,1843200,1843200,2092771008
1.2.2,stock,1,1843200,3187200,3187200,3000448384
1.2.2,stock,2,1843200,3187200,3187200,3078842368
1.2.2,stock,3,1843200,3187200,3187200,3187193408
1.2.2,stock,4,1843200,3187200,3187200,3187214464
1.2.2,stock,5,1843200,3187200,3187200,3083944576
1.2.2,stock,6,1843200,3187200,3187200,3053000896
1.2.2,stock,7,1843200,3187200,3187200,2984900352
1.2.2,stock,8,1843200,3187200,3187200,3187212096
1.2.2,stock,9,1843200,3187200,3187200,3187195712
1.2.2,stock,10,1843200,3187200,3187200,3187205120
1.2.2,medium,1,1843200,2092800,2092800,2092796800
1.2.2,medium,2,1843200,2092800,2092800,2174486016
1.2.2,medium,3,1843200,2092800,2092800,2275072448
1.2.2,medium,4,1843200,2092800,2092800,2342408896
1.2.2,medium,5,1843200,2092800,2092800,2128920064
1.2.2,medium,6,1843200,2092800,2092800,2092806208
1.2.2,medium,7,1843200,2092800,2092800,2342394816
1.2.2,medium,8,1843200,2092800,2092800,2342397184
1.2.2,medium,9,1843200,2092800,2092800,2179606976
1.2.2,medium,10,1843200,2092800,2092800,2171774400
1.2.2,large,1,1843200,1843200,1843200,1973003904
1.2.2,large,2,1843200,1843200,1843200,2092799168
1.2.2,large,3,1843200,1843200,1843200,2072369216
1.2.2,large,4,1843200,1843200,1843200,2014062976
1.2.2,large,5,1843200,1843200,1843200,2092810880
1.2.2,large,6,1843200,1843200,1843200,2092749952
1.2.2,large,7,1843200,1843200,1843200,2092785088
1.2.2,large,8,1843200,1843200,1843200,2092799168
1.2.2,large,9,1843200,1843200,1843200,1924958336
1.2.2,large,10,1843200,1843200,1843200,1856595328
