cpu,cycles,enabled_ns,running_ns,thread_ns,wall_ns,cycles_per_thread_ns,cycles_per_wall_ns
7,491445151,250016928,250016928,249329068,250025782,1.971070421,1.965577898
7,471150155,250008595,250008595,249346567,250008594,1.889539370,1.884535837
7,498155980,250010574,250010574,249545725,250010885,1.996251308,1.992537165
7,509584811,250001356,250001356,249478016,250012396,2.042604071,2.038238180
7,500965783,250023282,250023282,249477553,250024843,2.008059551,2.003664024
7,473192891,250003490,250003490,249385733,250004010,1.897433688,1.892741204
7,469487768,250024740,250024740,249347238,250025208,1.882867329,1.877761734
7,474316138,250032292,250032292,249451562,250033020,1.901435831,1.897013994
7,490496449,250020366,250020366,249436667,250020938,1.966416786,1.961821490
7,489926646,250016875,250016875,249450940,250018645,1.964020043,1.959560440
7,494832551,250033439,250033439,249494527,250034270,1.983340304,1.979058915
7,481362024,250005573,250005573,249414008,250006354,1.929971888,1.925399160
7,475803603,250037241,250037241,249411827,250037604,1.907702649,1.902928181
7,480561614,250034897,250034897,249322029,250035469,1.927473541,1.921973774
7,483126233,250030574,250030574,249409842,250030989,1.937077660,1.932265416
7,494908866,250029792,250029792,249526098,250031510,1.983395204,1.979385982
7,484985802,250008543,250008543,249395526,250009844,1.944645158,1.939866824
7,469300375,250030469,250030469,249344583,250030625,1.882135835,1.876971571
7,466847486,250035886,250035886,249372654,250036302,1.872087731,1.867118823
7,473773036,250027970,250027970,249300105,250028073,1.900412501,1.894879364
7,469445784,250017188,250017188,249340939,250017865,1.882746515,1.877648959
7,508510450,250020990,250020990,249469997,250021718,2.038363154,2.033865114
7,497825886,250033021,250033021,249447034,250034635,1.995717800,1.991027707
7,471513574,250022553,250022553,249348646,250022708,1.890981088,1.885882997
7,469612903,250023750,250023750,249234635,250024427,1.884220076,1.878268090
7,464764689,250031147,250031147,249383128,250031250,1.863657308,1.858826403
7,472863548,250025209,250025209,249341820,250025520,1.896447006,1.891261132
7,505859408,250027084,250027084,249497135,250028541,2.027515899,2.023206655
7,497397402,250011459,250011459,249545835,250012760,1.993210594,1.989488065
7,474432576,250033282,250033282,249248960,250033750,1.903448568,1.897474145
7,469065463,250023230,250023230,249234161,250023490,1.882027171,1.876085575
7,469274732,250026719,250026719,249323645,250026823,1.882191045,1.876897552
