phase,sample,policy,effective_min_khz,reported_current_khz,governor
walt,0,0,307200,1228800,walt
walt,0,3,499200,844800,walt
walt,0,7,595200,595200,walt
walt,1,0,307200,1344000,walt
walt,1,3,499200,499200,walt
walt,1,7,595200,595200,walt
walt,2,0,307200,1459200,walt
walt,2,3,499200,844800,walt
walt,2,7,595200,595200,walt
walt,3,0,307200,1459200,walt
walt,3,3,499200,1785600,walt
walt,3,7,595200,595200,walt
walt,4,0,307200,1017600,walt
walt,4,3,499200,1785600,walt
walt,4,7,595200,595200,walt
walt,5,0,307200,1113600,walt
walt,5,3,499200,614400,walt
walt,5,7,595200,595200,walt
walt,6,0,307200,441600,walt
walt,6,3,499200,844800,walt
walt,6,7,595200,595200,walt
walt,7,0,307200,902400,walt
walt,7,3,499200,1401600,walt
walt,7,7,595200,595200,walt
walt,8,0,902400,1459200,walt
walt,8,3,1651200,1651200,walt
walt,8,7,1843200,1843200,walt
walt,9,0,902400,1459200,walt
walt,9,3,1651200,1651200,walt
walt,9,7,1843200,1843200,walt
walt,10,0,902400,1459200,walt
walt,10,3,1651200,1651200,walt
walt,10,7,1843200,1843200,walt
walt,11,0,902400,1459200,walt
walt,11,3,1651200,1651200,walt
walt,11,7,1843200,1843200,walt
walt,12,0,902400,1459200,walt
walt,12,3,1651200,1651200,walt
walt,12,7,1843200,1843200,walt
walt,13,0,902400,1344000,walt
walt,13,3,1651200,1651200,walt
walt,13,7,1843200,1843200,walt
walt,14,0,902400,1459200,walt
walt,14,3,1651200,1651200,walt
walt,14,7,1843200,1843200,walt
walt,15,0,902400,1459200,walt
walt,15,3,1651200,1651200,walt
walt,15,7,1843200,1843200,walt
walt,16,0,902400,1113600,walt
walt,16,3,1651200,1651200,walt
walt,16,7,1843200,1843200,walt
walt,17,0,902400,1459200,walt
walt,17,3,1651200,1651200,walt
walt,17,7,1843200,1843200,walt
walt,18,0,902400,1459200,walt
walt,18,3,1651200,1651200,walt
walt,18,7,1843200,1843200,walt
walt,19,0,902400,1459200,walt
walt,19,3,1651200,1651200,walt
walt,19,7,1843200,1843200,walt
walt,20,0,902400,1459200,walt
walt,20,3,1651200,1651200,walt
walt,20,7,1843200,1843200,walt
walt,21,0,902400,1459200,walt
walt,21,3,1651200,1651200,walt
walt,21,7,1843200,1843200,walt
walt,22,0,902400,1459200,walt
walt,22,3,1651200,1651200,walt
walt,22,7,1843200,1843200,walt
walt,23,0,902400,1344000,walt
walt,23,3,1651200,1651200,walt
walt,23,7,1843200,1843200,walt
schedutil,0,0,307200,441600,schedutil
schedutil,0,3,499200,499200,schedutil
schedutil,0,7,595200,1843200,schedutil
schedutil,1,0,307200,1459200,schedutil
schedutil,1,3,499200,499200,schedutil
schedutil,1,7,595200,595200,schedutil
schedutil,2,0,307200,441600,schedutil
schedutil,2,3,499200,1785600,schedutil
schedutil,2,7,595200,595200,schedutil
schedutil,3,0,307200,1017600,schedutil
schedutil,3,3,499200,1785600,schedutil
schedutil,3,7,595200,595200,schedutil
schedutil,4,0,307200,672000,schedutil
schedutil,4,3,499200,499200,schedutil
schedutil,4,7,595200,595200,schedutil
schedutil,5,0,307200,1459200,schedutil
schedutil,5,3,499200,499200,schedutil
schedutil,5,7,595200,595200,schedutil
schedutil,6,0,307200,1228800,schedutil
schedutil,6,3,499200,1785600,schedutil
schedutil,6,7,595200,595200,schedutil
schedutil,7,0,307200,441600,schedutil
schedutil,7,3,499200,1785600,schedutil
schedutil,7,7,595200,595200,schedutil
schedutil,8,0,307200,556800,schedutil
schedutil,8,3,499200,1785600,schedutil
schedutil,8,7,595200,595200,schedutil
schedutil,9,0,307200,1344000,schedutil
schedutil,9,3,499200,1785600,schedutil
schedutil,9,7,595200,595200,schedutil
schedutil,10,0,307200,1459200,schedutil
schedutil,10,3,499200,1785600,schedutil
schedutil,10,7,595200,595200,schedutil
schedutil,11,0,307200,1113600,schedutil
schedutil,11,3,499200,1785600,schedutil
schedutil,11,7,595200,595200,schedutil
schedutil,12,0,307200,672000,schedutil
schedutil,12,3,499200,1785600,schedutil
schedutil,12,7,595200,595200,schedutil
schedutil,13,0,902400,1459200,schedutil
schedutil,13,3,1651200,1651200,schedutil
schedutil,13,7,1843200,595200,schedutil
schedutil,14,0,902400,1017600,schedutil
schedutil,14,3,1651200,1651200,schedutil
schedutil,14,7,1843200,595200,schedutil
schedutil,15,0,902400,1459200,schedutil
schedutil,15,3,1651200,1651200,schedutil
schedutil,15,7,1843200,595200,schedutil
schedutil,16,0,902400,1459200,schedutil
schedutil,16,3,1651200,1651200,schedutil
schedutil,16,7,1843200,1843200,schedutil
schedutil,17,0,902400,1459200,schedutil
schedutil,17,3,1651200,1651200,schedutil
schedutil,17,7,1843200,1843200,schedutil
schedutil,18,0,902400,1459200,schedutil
schedutil,18,3,1651200,1651200,schedutil
schedutil,18,7,1843200,1843200,schedutil
schedutil,19,0,902400,1459200,schedutil
schedutil,19,3,1651200,1785600,schedutil
schedutil,19,7,1843200,1843200,schedutil
schedutil,20,0,902400,1459200,schedutil
schedutil,20,3,1651200,1651200,schedutil
schedutil,20,7,1843200,1843200,schedutil
schedutil,21,0,902400,1228800,schedutil
schedutil,21,3,1651200,1651200,schedutil
schedutil,21,7,1843200,1843200,schedutil
schedutil,22,0,902400,1017600,schedutil
schedutil,22,3,1651200,1651200,schedutil
schedutil,22,7,1843200,1843200,schedutil
schedutil,23,0,902400,1459200,schedutil
schedutil,23,3,1651200,1651200,schedutil
schedutil,23,7,1843200,1843200,schedutil
conservative,0,0,307200,1459200,conservative
conservative,0,3,499200,1536000,conservative
conservative,0,7,595200,1843200,conservative
conservative,1,0,307200,902400,conservative
conservative,1,3,499200,940800,conservative
conservative,1,7,595200,1843200,conservative
conservative,2,0,307200,1344000,conservative
conservative,2,3,499200,940800,conservative
conservative,2,7,595200,1843200,conservative
conservative,3,0,902400,1459200,conservative
conservative,3,3,1651200,1651200,conservative
conservative,3,7,1843200,1843200,conservative
conservative,4,0,902400,1459200,conservative
conservative,4,3,1651200,1651200,conservative
conservative,4,7,1843200,1843200,conservative
conservative,5,0,902400,1228800,conservative
conservative,5,3,1651200,1651200,conservative
conservative,5,7,1843200,1843200,conservative
conservative,6,0,902400,1113600,conservative
conservative,6,3,1651200,1651200,conservative
conservative,6,7,1843200,1843200,conservative
conservative,7,0,902400,1344000,conservative
conservative,7,3,1651200,1651200,conservative
conservative,7,7,1843200,1843200,conservative
conservative,8,0,902400,1459200,conservative
conservative,8,3,1651200,1651200,conservative
conservative,8,7,1843200,1843200,conservative
conservative,9,0,902400,1344000,conservative
conservative,9,3,1651200,1651200,conservative
conservative,9,7,1843200,1843200,conservative
conservative,10,0,902400,1228800,conservative
conservative,10,3,1651200,1651200,conservative
conservative,10,7,1843200,1843200,conservative
conservative,11,0,902400,1459200,conservative
conservative,11,3,1651200,1651200,conservative
conservative,11,7,1843200,1843200,conservative
conservative,12,0,902400,1459200,conservative
conservative,12,3,1651200,1651200,conservative
conservative,12,7,1843200,1843200,conservative
conservative,13,0,902400,1459200,conservative
conservative,13,3,1651200,1651200,conservative
conservative,13,7,1843200,1843200,conservative
conservative,14,0,902400,1459200,conservative
conservative,14,3,1651200,1651200,conservative
conservative,14,7,1843200,1843200,conservative
conservative,15,0,902400,1459200,conservative
conservative,15,3,1651200,1651200,conservative
conservative,15,7,1843200,1843200,conservative
conservative,16,0,902400,1459200,conservative
conservative,16,3,1651200,1651200,conservative
conservative,16,7,1843200,1843200,conservative
conservative,17,0,902400,1459200,conservative
conservative,17,3,1651200,1651200,conservative
conservative,17,7,1843200,1843200,conservative
conservative,18,0,902400,1459200,conservative
conservative,18,3,1651200,1785600,conservative
conservative,18,7,1843200,1843200,conservative
conservative,19,0,902400,1459200,conservative
conservative,19,3,1651200,1651200,conservative
conservative,19,7,1843200,1843200,conservative
conservative,20,0,902400,1459200,conservative
conservative,20,3,1651200,1651200,conservative
conservative,20,7,1843200,1843200,conservative
conservative,21,0,902400,1228800,conservative
conservative,21,3,1651200,1651200,conservative
conservative,21,7,1843200,1843200,conservative
conservative,22,0,902400,1344000,conservative
conservative,22,3,1651200,1651200,conservative
conservative,22,7,1843200,1843200,conservative
conservative,23,0,902400,1228800,conservative
conservative,23,3,1651200,1651200,conservative
conservative,23,7,1843200,1843200,conservative
powersave,0,0,307200,307200,powersave
powersave,0,3,499200,499200,powersave
powersave,0,7,595200,595200,powersave
powersave,1,0,307200,307200,powersave
powersave,1,3,499200,499200,powersave
powersave,1,7,595200,595200,powersave
powersave,2,0,307200,307200,powersave
powersave,2,3,499200,499200,powersave
powersave,2,7,595200,595200,powersave
powersave,3,0,307200,307200,powersave
powersave,3,3,499200,499200,powersave
powersave,3,7,595200,595200,powersave
powersave,4,0,307200,307200,powersave
powersave,4,3,499200,499200,powersave
powersave,4,7,595200,595200,powersave
powersave,5,0,307200,307200,powersave
powersave,5,3,499200,499200,powersave
powersave,5,7,595200,595200,powersave
powersave,6,0,902400,902400,powersave
powersave,6,3,1651200,1651200,powersave
powersave,6,7,1843200,1843200,powersave
powersave,7,0,902400,902400,powersave
powersave,7,3,1651200,1651200,powersave
powersave,7,7,1843200,1843200,powersave
powersave,8,0,902400,902400,powersave
powersave,8,3,1651200,1651200,powersave
powersave,8,7,1843200,1843200,powersave
powersave,9,0,902400,902400,powersave
powersave,9,3,1651200,1651200,powersave
powersave,9,7,1843200,1843200,powersave
powersave,10,0,902400,902400,powersave
powersave,10,3,1651200,1651200,powersave
powersave,10,7,1843200,1843200,powersave
powersave,11,0,902400,902400,powersave
powersave,11,3,1651200,1651200,powersave
powersave,11,7,1843200,1843200,powersave
powersave,12,0,902400,902400,powersave
powersave,12,3,1651200,1651200,powersave
powersave,12,7,1843200,1843200,powersave
powersave,13,0,902400,902400,powersave
powersave,13,3,1651200,1651200,powersave
powersave,13,7,1843200,1843200,powersave
powersave,14,0,902400,902400,powersave
powersave,14,3,1651200,1651200,powersave
powersave,14,7,1843200,1843200,powersave
powersave,15,0,902400,902400,powersave
powersave,15,3,1651200,1651200,powersave
powersave,15,7,1843200,1843200,powersave
powersave,16,0,902400,902400,powersave
powersave,16,3,1651200,1651200,powersave
powersave,16,7,1843200,1843200,powersave
powersave,17,0,902400,902400,powersave
powersave,17,3,1651200,1651200,powersave
powersave,17,7,1843200,1843200,powersave
powersave,18,0,902400,902400,powersave
powersave,18,3,1651200,1651200,powersave
powersave,18,7,1843200,1843200,powersave
powersave,19,0,902400,902400,powersave
powersave,19,3,1651200,1651200,powersave
powersave,19,7,1843200,1843200,powersave
powersave,20,0,902400,902400,powersave
powersave,20,3,1651200,1651200,powersave
powersave,20,7,1843200,1843200,powersave
powersave,21,0,902400,902400,powersave
powersave,21,3,1651200,1651200,powersave
powersave,21,7,1843200,1843200,powersave
powersave,22,0,902400,902400,powersave
powersave,22,3,1651200,1651200,powersave
powersave,22,7,1843200,1843200,powersave
powersave,23,0,902400,902400,powersave
powersave,23,3,1651200,1651200,powersave
powersave,23,7,1843200,1843200,powersave
