uptime,policy,min,max,scaling_current,hardware_current
300464.53,0,307200,1459200,1459200,1459200
300464.53,3,499200,1785600,1536000,1536000
300464.53,7,595200,1843200,595200,595200
300465.60,0,307200,1459200,1459200,1459200
300465.60,3,499200,1785600,1785600,1785600
300465.60,7,595200,1843200,595200,595200
300467.49,0,307200,1459200,1459200,1459200
300467.49,3,499200,1785600,614400,614400
300467.49,7,595200,1843200,595200,595200
300470.05,0,307200,1459200,1344000,1344000
300470.05,3,499200,1785600,729600,729600
300470.05,7,595200,1843200,595200,595200
300472.67,0,307200,1459200,1459200,1459200
300472.67,3,499200,1785600,1785600,1785600
300472.67,7,595200,1843200,1843200,1843200
300473.75,0,307200,1459200,1113600,1113600
300473.75,3,499200,1785600,1785600,1785600
300473.75,7,595200,1843200,595200,595200
300475.65,0,307200,1459200,1459200,1459200
300475.65,3,499200,1785600,940800,940800
300475.65,7,595200,1843200,595200,595200
300477.94,0,307200,1459200,1459200,1459200
300477.94,3,499200,1785600,1785600,1785600
300477.94,7,595200,1843200,595200,595200
300479.78,0,307200,1459200,307200,307200
300479.78,3,499200,1785600,614400,614400
300479.78,7,595200,1843200,595200,595200
300482.18,0,307200,1459200,1459200,1459200
300482.18,3,499200,1785600,1785600,1785600
300482.18,7,595200,1843200,595200,595200
300484.76,0,307200,1459200,1459200,1459200
300484.76,3,499200,1785600,1536000,1536000
300484.76,7,595200,1843200,595200,595200
300485.83,0,307200,1459200,307200,307200
300485.83,3,499200,1785600,1785600,1785600
300485.83,7,595200,1843200,595200,595200
300487.53,0,307200,1459200,1459200,1459200
300487.53,3,499200,1785600,1536000,1536000
300487.53,7,595200,1843200,595200,595200
300489.89,0,307200,1459200,307200,307200
300489.89,3,499200,1785600,1785600,1785600
300489.89,7,595200,1843200,595200,595200
300491.86,0,307200,1459200,307200,307200
300491.86,3,499200,1785600,940800,940800
300491.86,7,595200,1843200,595200,595200
300495.11,0,307200,1459200,672000,672000
300495.11,3,499200,1785600,1785600,1785600
300495.11,7,595200,1843200,595200,595200
300497.55,0,307200,1459200,1017600,1017600
300497.55,3,499200,1785600,499200,499200
300497.55,7,595200,1843200,595200,595200
300500.79,0,307200,1459200,1459200,1459200
300500.79,3,499200,1785600,1536000,1536000
300500.79,7,595200,1843200,595200,595200
300503.22,0,307200,1459200,1459200,1459200
300503.22,3,499200,1785600,1785600,1785600
300503.22,7,595200,1843200,595200,595200
300505.18,0,307200,1459200,1344000,1344000
300505.18,3,499200,1785600,1785600,1785600
300505.18,7,595200,1843200,595200,595200
300509.16,0,307200,1459200,1459200,1459200
300509.16,3,499200,1785600,1785600,1785600
300509.16,7,595200,1843200,1843200,1843200
300511.68,0,307200,1459200,1459200,1459200
300511.68,3,499200,1785600,1785600,1785600
300511.68,7,595200,1843200,595200,595200
300512.74,0,307200,1459200,672000,672000
300512.74,3,499200,1785600,729600,729600
300512.74,7,595200,1843200,595200,595200
300515.20,0,307200,1459200,1228800,1228800
300515.20,3,499200,1785600,729600,614400
300515.20,7,595200,1843200,595200,595200
300517.23,0,307200,1459200,1459200,1459200
300517.23,3,499200,1785600,1536000,1536000
300517.23,7,595200,1843200,595200,595200
300521.85,0,307200,1459200,556800,556800
300521.85,3,499200,1785600,1171200,1171200
300521.85,7,595200,1843200,595200,595200
300523.94,0,307200,1459200,307200,902400
300523.94,3,499200,1785600,499200,499200
300523.94,7,595200,1843200,595200,595200
300527.36,0,307200,1459200,1459200,1459200
300527.36,3,499200,1785600,1785600,1785600
300527.36,7,595200,1843200,595200,595200
300529.23,0,307200,1459200,1459200,1459200
300529.23,3,499200,1785600,1785600,1785600
300529.23,7,595200,1843200,595200,595200
300532.03,0,307200,1459200,1459200,1459200
300532.03,3,499200,1785600,1785600,1785600
300532.03,7,595200,1843200,595200,595200
